"DIRECTORIO","Depmuni","TIPO","SERVICIO","ESTRATO","TOTAL_PERSONAS","SECUENCIA_ENCUESTA.x","SECUENCIA_P.x","ORDEN.x","ESTADO_ENCUESTA","RECO_DIC","K_01_A","K_01_B","K_01_C","K_01_D","K_02","K_03","K_04","K_05","K_06","K_07","K_08","K_09","K_09_VALOR","K_09_TEXTO","K_10_A","K_10_B","K_10_C","K_10_D","K_10_E","K_10_F","K_10_G","K_10_H","K_10_I","K_11","K_11_A","K_11_B","K_11_C","K_11_D","K_11_E","K_12_A","K_12_B","K_12_C","K_12_D","K_12_E","K_12_F","K_12_G","K_12_H","K_12_I","K_12_J","K_12_K","K_12_L","K_12_M","K_12_N","K_12_O","SECUENCIA_ENCUESTA.y","SECUENCIA_P.y","ORDEN.y"
645,"50001",2,1,2,2,1,1,1,NA,0,NA,NA,1,NA,3,2,NA,NA,NA,NA,NA,NA,NA,NA,NA,NA,NA,NA,NA,NA,NA,NA,NA,NA,NA,NA,NA,NA,NA,NA,NA,NA,NA,NA,NA,NA,NA,NA,NA,NA,NA,NA,NA,NA,1,1,1
1135,"50001",1,1,2,3,1,1,1,NA,0,NA,1,NA,NA,3,2,NA,NA,NA,NA,NA,NA,NA,NA,NA,NA,NA,NA,NA,NA,NA,NA,NA,NA,NA,NA,NA,NA,NA,NA,NA,NA,NA,NA,NA,NA,NA,NA,NA,NA,NA,NA,NA,NA,1,1,1
2387,"50001",1,1,2,3,1,1,1,NA,0,1,NA,NA,NA,3,2,NA,NA,NA,NA,NA,NA,NA,NA,NA,NA,NA,NA,NA,NA,NA,NA,NA,NA,NA,NA,NA,NA,NA,NA,NA,NA,NA,NA,NA,NA,NA,NA,NA,NA,NA,NA,NA,NA,1,1,1
2514,"50313",1,1,2,2,1,1,1,NA,0,1,NA,NA,NA,3,2,NA,NA,NA,NA,NA,NA,NA,NA,NA,NA,NA,NA,NA,NA,NA,NA,NA,NA,NA,NA,NA,NA,NA,NA,NA,NA,NA,NA,NA,NA,NA,NA,NA,NA,NA,NA,NA,NA,1,1,1
2565,"50001",2,1,1,1,1,1,1,NA,0,NA,1,NA,NA,3,2,NA,NA,NA,NA,NA,NA,NA,NA,NA,NA,NA,NA,NA,NA,NA,NA,NA,NA,NA,NA,NA,NA,NA,NA,NA,NA,NA,NA,NA,NA,NA,NA,NA,NA,NA,NA,NA,NA,1,1,1
2723,"50313",2,1,2,1,1,1,1,NA,0,1,NA,NA,NA,3,1,1,2,NA,NA,1,2,NA,NA,NA,NA,NA,1,NA,NA,NA,NA,NA,1,1,NA,NA,NA,NA,2,2,2,2,2,2,2,2,2,2,2,2,2,2,2,1,1,1
2796,"50001",2,1,3,3,1,1,1,NA,0,1,NA,NA,NA,3,2,NA,NA,NA,NA,NA,NA,NA,NA,NA,NA,NA,NA,NA,NA,NA,NA,NA,NA,NA,NA,NA,NA,NA,NA,NA,NA,NA,NA,NA,NA,NA,NA,NA,NA,NA,NA,NA,NA,2,1,2
2802,"50001",1,1,2,2,1,1,1,NA,0,NA,1,NA,NA,3,2,NA,NA,NA,NA,NA,NA,NA,NA,NA,NA,NA,NA,NA,NA,NA,NA,NA,NA,NA,NA,NA,NA,NA,NA,NA,NA,NA,NA,NA,NA,NA,NA,NA,NA,NA,NA,NA,NA,2,1,2
2868,"50001",3,1,1,4,1,1,1,NA,0,1,1,NA,NA,3,2,NA,NA,NA,NA,NA,NA,NA,NA,NA,NA,NA,NA,NA,NA,NA,NA,NA,NA,NA,NA,NA,NA,NA,NA,NA,NA,NA,NA,NA,NA,NA,NA,NA,NA,NA,NA,NA,NA,2,1,2
2891,"50001",1,1,2,5,1,1,1,NA,0,NA,1,NA,NA,3,2,NA,NA,NA,NA,NA,NA,NA,NA,NA,NA,NA,NA,NA,NA,NA,NA,NA,NA,NA,NA,NA,NA,NA,NA,NA,NA,NA,NA,NA,NA,NA,NA,NA,NA,NA,NA,NA,NA,3,1,3
3395,"50313",1,1,1,4,1,1,1,NA,0,NA,1,NA,NA,1,1,4,1,30,3000,100,1,3000,"TRES MIL PESOS",NA,NA,NA,NA,1,NA,NA,NA,NA,2,NA,NA,NA,NA,NA,2,2,2,2,2,1,1,2,2,1,1,1,1,2,1,2,1,2
3409,"50313",1,1,1,1,1,1,1,NA,0,1,1,1,NA,3,2,NA,NA,NA,NA,NA,NA,NA,NA,NA,NA,NA,NA,NA,NA,NA,NA,NA,NA,NA,NA,NA,NA,NA,NA,NA,NA,NA,NA,NA,NA,NA,NA,NA,NA,NA,NA,NA,NA,1,1,1
3411,"50313",1,1,1,4,1,1,1,NA,0,1,NA,NA,NA,3,2,NA,NA,NA,NA,NA,NA,NA,NA,NA,NA,NA,NA,NA,NA,NA,NA,NA,NA,NA,NA,NA,NA,NA,NA,NA,NA,NA,NA,NA,NA,NA,NA,NA,NA,NA,NA,NA,NA,1,1,1
3441,"50313",1,1,2,4,1,1,1,NA,0,1,1,1,NA,1,1,5,1,30,1000,10,1,3000,"TRES MIL PESOS",NA,NA,1,NA,NA,NA,NA,NA,NA,2,NA,NA,NA,NA,NA,1,1,2,1,2,1,1,2,2,2,2,2,2,2,1,2,1,2
4026,"50001",1,1,4,4,1,1,1,NA,0,1,NA,NA,NA,3,2,NA,NA,NA,NA,NA,NA,NA,NA,NA,NA,NA,NA,NA,NA,NA,NA,NA,NA,NA,NA,NA,NA,NA,NA,NA,NA,NA,NA,NA,NA,NA,NA,NA,NA,NA,NA,NA,NA,3,1,3
4077,"50001",1,1,4,2,1,1,1,NA,0,1,NA,NA,NA,3,2,NA,NA,NA,NA,NA,NA,NA,NA,NA,NA,NA,NA,NA,NA,NA,NA,NA,NA,NA,NA,NA,NA,NA,NA,NA,NA,NA,NA,NA,NA,NA,NA,NA,NA,NA,NA,NA,NA,1,1,1
4087,"50001",2,1,2,5,1,1,1,NA,0,1,1,1,NA,3,1,5,1,30,80000,60,1,2000,"DOS MIL PESOS",NA,NA,1,NA,NA,NA,NA,NA,NA,2,NA,NA,NA,NA,NA,2,2,2,1,2,1,1,2,1,2,2,2,2,2,1,1,1,1
4163,"50001",1,1,3,4,1,1,1,NA,0,1,1,NA,NA,3,2,NA,NA,NA,NA,NA,NA,NA,NA,NA,NA,NA,NA,NA,NA,NA,NA,NA,NA,NA,NA,NA,NA,NA,NA,NA,NA,NA,NA,NA,NA,NA,NA,NA,NA,NA,NA,NA,NA,1,1,1
4166,"50001",2,1,2,2,1,1,1,NA,0,NA,1,NA,NA,3,2,NA,NA,NA,NA,NA,NA,NA,NA,NA,NA,NA,NA,NA,NA,NA,NA,NA,NA,NA,NA,NA,NA,NA,NA,NA,NA,NA,NA,NA,NA,NA,NA,NA,NA,NA,NA,NA,NA,1,1,1
4270,"50001",3,1,1,1,1,1,1,NA,0,NA,1,NA,NA,3,1,5,1,30,30000,30,1,2000,"DOS MIL PESOS",NA,NA,NA,1,NA,NA,NA,NA,NA,2,NA,NA,NA,NA,NA,2,2,2,2,2,2,2,2,2,2,2,2,2,2,2,1,1,1
4464,"50001",1,1,3,5,1,1,1,NA,0,NA,1,NA,NA,3,2,NA,NA,NA,NA,NA,NA,NA,NA,NA,NA,NA,NA,NA,NA,NA,NA,NA,NA,NA,NA,NA,NA,NA,NA,NA,NA,NA,NA,NA,NA,NA,NA,NA,NA,NA,NA,NA,NA,2,1,2
5332,"50001",1,1,3,6,1,1,1,NA,0,NA,1,NA,NA,3,2,NA,NA,NA,NA,NA,NA,NA,NA,NA,NA,NA,NA,NA,NA,NA,NA,NA,NA,NA,NA,NA,NA,NA,NA,NA,NA,NA,NA,NA,NA,NA,NA,NA,NA,NA,NA,NA,NA,1,1,1
5642,"50001",2,1,3,1,1,1,1,NA,0,NA,1,NA,NA,3,2,NA,NA,NA,NA,NA,NA,NA,NA,NA,NA,NA,NA,NA,NA,NA,NA,NA,NA,NA,NA,NA,NA,NA,NA,NA,NA,NA,NA,NA,NA,NA,NA,NA,NA,NA,NA,NA,NA,1,1,1
6893,"50001",1,1,2,1,1,1,1,NA,0,1,NA,NA,NA,3,2,NA,NA,NA,NA,NA,NA,NA,NA,NA,NA,NA,NA,NA,NA,NA,NA,NA,NA,NA,NA,NA,NA,NA,NA,NA,NA,NA,NA,NA,NA,NA,NA,NA,NA,NA,NA,NA,NA,1,1,1
6926,"50001",1,1,2,2,1,1,1,NA,0,1,NA,NA,NA,3,2,NA,NA,NA,NA,NA,NA,NA,NA,NA,NA,NA,NA,NA,NA,NA,NA,NA,NA,NA,NA,NA,NA,NA,NA,NA,NA,NA,NA,NA,NA,NA,NA,NA,NA,NA,NA,NA,NA,1,1,1
8266,"50001",2,1,2,3,1,1,1,NA,0,NA,NA,1,NA,3,2,NA,NA,NA,NA,NA,NA,NA,NA,NA,NA,NA,NA,NA,NA,NA,NA,NA,NA,NA,NA,NA,NA,NA,NA,NA,NA,NA,NA,NA,NA,NA,NA,NA,NA,NA,NA,NA,NA,1,1,1
9159,"50006",2,1,2,2,1,1,1,NA,0,1,1,1,NA,3,1,5,1,30,5000,150,1,500,"QUINIENTOS PESOS",1,1,1,1,1,1,1,NA,NA,1,1,1,NA,NA,NA,1,1,2,1,2,1,1,1,2,2,1,2,1,1,1,2,1,2
9183,"50001",1,1,2,3,1,1,1,NA,0,NA,NA,1,NA,3,2,NA,NA,NA,NA,NA,NA,NA,NA,NA,NA,NA,NA,NA,NA,NA,NA,NA,NA,NA,NA,NA,NA,NA,NA,NA,NA,NA,NA,NA,NA,NA,NA,NA,NA,NA,NA,NA,NA,1,1,1
9189,"50001",2,1,3,2,1,1,1,NA,0,NA,NA,1,NA,3,2,NA,NA,NA,NA,NA,NA,NA,NA,NA,NA,NA,NA,NA,NA,NA,NA,NA,NA,NA,NA,NA,NA,NA,NA,NA,NA,NA,NA,NA,NA,NA,NA,NA,NA,NA,NA,NA,NA,1,1,1
9642,"50001",2,1,2,2,1,1,1,NA,0,NA,1,NA,NA,3,2,NA,NA,NA,NA,NA,NA,NA,NA,NA,NA,NA,NA,NA,NA,NA,NA,NA,NA,NA,NA,NA,NA,NA,NA,NA,NA,NA,NA,NA,NA,NA,NA,NA,NA,NA,NA,NA,NA,1,1,1
9999,"50313",1,1,1,2,1,1,1,NA,0,1,1,1,NA,3,1,3,1,2,8000,2,1,4000,"CUATRO MIL PESOS",NA,NA,1,NA,NA,NA,NA,NA,NA,1,1,NA,NA,NA,NA,2,1,2,2,2,1,1,1,2,2,1,2,1,2,1,1,1,1
10390,"50001",1,1,3,5,1,1,1,NA,0,NA,1,NA,NA,3,2,NA,NA,NA,NA,NA,NA,NA,NA,NA,NA,NA,NA,NA,NA,NA,NA,NA,NA,NA,NA,NA,NA,NA,NA,NA,NA,NA,NA,NA,NA,NA,NA,NA,NA,NA,NA,NA,NA,4,1,4
10890,"50001",1,1,2,1,1,1,1,NA,0,1,NA,NA,NA,3,2,NA,NA,NA,NA,NA,NA,NA,NA,NA,NA,NA,NA,NA,NA,NA,NA,NA,NA,NA,NA,NA,NA,NA,NA,NA,NA,NA,NA,NA,NA,NA,NA,NA,NA,NA,NA,NA,NA,1,1,1
11049,"50001",1,1,4,1,1,1,1,NA,0,NA,1,NA,NA,3,2,NA,NA,NA,NA,NA,NA,NA,NA,NA,NA,NA,NA,NA,NA,NA,NA,NA,NA,NA,NA,NA,NA,NA,NA,NA,NA,NA,NA,NA,NA,NA,NA,NA,NA,NA,NA,NA,NA,1,1,1
11058,"50001",1,1,3,6,1,1,1,NA,0,NA,1,NA,NA,3,2,NA,NA,NA,NA,NA,NA,NA,NA,NA,NA,NA,NA,NA,NA,NA,NA,NA,NA,NA,NA,NA,NA,NA,NA,NA,NA,NA,NA,NA,NA,NA,NA,NA,NA,NA,NA,NA,NA,3,1,3
11074,"50001",1,1,2,2,1,1,1,NA,0,1,NA,NA,NA,3,2,NA,NA,NA,NA,NA,NA,NA,NA,NA,NA,NA,NA,NA,NA,NA,NA,NA,NA,NA,NA,NA,NA,NA,NA,NA,NA,NA,NA,NA,NA,NA,NA,NA,NA,NA,NA,NA,NA,1,1,1
11107,"50001",1,1,2,1,1,1,1,NA,0,1,NA,NA,NA,3,2,NA,NA,NA,NA,NA,NA,NA,NA,NA,NA,NA,NA,NA,NA,NA,NA,NA,NA,NA,NA,NA,NA,NA,NA,NA,NA,NA,NA,NA,NA,NA,NA,NA,NA,NA,NA,NA,NA,1,1,1
11151,"50001",2,1,2,4,1,1,1,NA,0,1,NA,NA,NA,3,1,4,1,20,20000,10,1,1000,"MIL PESOS",NA,NA,1,NA,NA,NA,NA,NA,NA,2,NA,NA,NA,NA,NA,2,1,2,2,2,1,2,1,1,1,1,1,2,2,2,4,1,4
11155,"50001",2,1,1,5,1,1,1,NA,0,NA,NA,1,NA,3,1,4,1,15,40000,15,1,2000,"DOS MIL PESOS",NA,NA,NA,1,NA,NA,NA,NA,NA,2,NA,NA,NA,NA,NA,2,2,1,1,1,2,2,1,2,2,1,2,2,2,1,4,1,4
11191,"50001",1,1,2,3,1,1,1,NA,0,1,1,NA,NA,3,2,NA,NA,NA,NA,NA,NA,NA,NA,NA,NA,NA,NA,NA,NA,NA,NA,NA,NA,NA,NA,NA,NA,NA,NA,NA,NA,NA,NA,NA,NA,NA,NA,NA,NA,NA,NA,NA,NA,2,1,2
12411,"50001",1,1,3,1,1,1,1,NA,0,NA,NA,1,NA,9,2,NA,NA,NA,NA,NA,NA,NA,NA,NA,NA,NA,NA,NA,NA,NA,NA,NA,NA,NA,NA,NA,NA,NA,NA,NA,NA,NA,NA,NA,NA,NA,NA,NA,NA,NA,NA,NA,NA,1,1,1
12866,"50006",1,1,1,5,1,1,1,NA,0,NA,1,NA,NA,3,1,1,2,NA,NA,1,2,NA,NA,NA,NA,NA,1,NA,NA,NA,NA,NA,2,NA,NA,NA,NA,NA,1,1,2,2,2,1,1,2,2,2,1,2,2,2,1,1,1,1
15610,"50001",2,1,1,2,1,1,1,NA,0,NA,1,NA,NA,3,2,NA,NA,NA,NA,NA,NA,NA,NA,NA,NA,NA,NA,NA,NA,NA,NA,NA,NA,NA,NA,NA,NA,NA,NA,NA,NA,NA,NA,NA,NA,NA,NA,NA,NA,NA,NA,NA,NA,2,1,2
15962,"50001",1,1,4,3,1,1,1,NA,0,1,1,1,NA,3,1,2,1,2,5000,1,1,2000,"DOS MIL PESOS",NA,NA,NA,NA,NA,NA,1,NA,NA,1,1,NA,NA,NA,NA,2,2,2,2,2,2,2,2,2,2,2,2,2,2,2,2,1,2
15970,"50001",1,1,4,3,1,1,1,NA,0,1,NA,NA,NA,3,2,NA,NA,NA,NA,NA,NA,NA,NA,NA,NA,NA,NA,NA,NA,NA,NA,NA,NA,NA,NA,NA,NA,NA,NA,NA,NA,NA,NA,NA,NA,NA,NA,NA,NA,NA,NA,NA,NA,2,1,2
16031,"50001",2,1,2,3,1,1,1,NA,0,NA,1,NA,NA,3,2,NA,NA,NA,NA,NA,NA,NA,NA,NA,NA,NA,NA,NA,NA,NA,NA,NA,NA,NA,NA,NA,NA,NA,NA,NA,NA,NA,NA,NA,NA,NA,NA,NA,NA,NA,NA,NA,NA,1,1,1
17349,"50001",1,1,2,3,1,1,1,NA,0,NA,1,NA,NA,3,2,NA,NA,NA,NA,NA,NA,NA,NA,NA,NA,NA,NA,NA,NA,NA,NA,NA,NA,NA,NA,NA,NA,NA,NA,NA,NA,NA,NA,NA,NA,NA,NA,NA,NA,NA,NA,NA,NA,1,1,1
17554,"50001",1,1,2,4,1,1,1,NA,0,1,NA,NA,NA,3,2,NA,NA,NA,NA,NA,NA,NA,NA,NA,NA,NA,NA,NA,NA,NA,NA,NA,NA,NA,NA,NA,NA,NA,NA,NA,NA,NA,NA,NA,NA,NA,NA,NA,NA,NA,NA,NA,NA,3,1,3
18159,"50001",1,1,2,2,1,1,1,NA,0,1,1,1,NA,3,1,5,1,20,40000,60,1,2000,"DOS MIL PESOS",NA,NA,1,NA,1,1,NA,NA,NA,1,1,NA,NA,NA,NA,1,1,2,1,1,1,2,2,1,2,2,1,2,1,2,2,1,2
18328,"50001",1,1,3,4,1,1,1,NA,0,1,NA,NA,NA,3,2,NA,NA,NA,NA,NA,NA,NA,NA,NA,NA,NA,NA,NA,NA,NA,NA,NA,NA,NA,NA,NA,NA,NA,NA,NA,NA,NA,NA,NA,NA,NA,NA,NA,NA,NA,NA,NA,NA,3,1,3
18426,"50001",2,1,3,2,1,1,1,NA,0,NA,NA,1,NA,3,2,NA,NA,NA,NA,NA,NA,NA,NA,NA,NA,NA,NA,NA,NA,NA,NA,NA,NA,NA,NA,NA,NA,NA,NA,NA,NA,NA,NA,NA,NA,NA,NA,NA,NA,NA,NA,NA,NA,1,1,1
19370,"50001",1,1,1,2,1,1,1,NA,0,NA,1,NA,NA,3,2,NA,NA,NA,NA,NA,NA,NA,NA,NA,NA,NA,NA,NA,NA,NA,NA,NA,NA,NA,NA,NA,NA,NA,NA,NA,NA,NA,NA,NA,NA,NA,NA,NA,NA,NA,NA,NA,NA,1,1,1
20547,"50001",2,1,1,3,1,1,1,NA,0,NA,1,NA,NA,3,2,NA,NA,NA,NA,NA,NA,NA,NA,NA,NA,NA,NA,NA,NA,NA,NA,NA,NA,NA,NA,NA,NA,NA,NA,NA,NA,NA,NA,NA,NA,NA,NA,NA,NA,NA,NA,NA,NA,3,1,3
20963,"50001",3,1,2,2,1,1,1,NA,0,1,NA,NA,NA,3,2,NA,NA,NA,NA,NA,NA,NA,NA,NA,NA,NA,NA,NA,NA,NA,NA,NA,NA,NA,NA,NA,NA,NA,NA,NA,NA,NA,NA,NA,NA,NA,NA,NA,NA,NA,NA,NA,NA,2,1,2
21356,"50001",2,1,2,2,1,1,1,NA,0,1,NA,NA,NA,3,2,NA,NA,NA,NA,NA,NA,NA,NA,NA,NA,NA,NA,NA,NA,NA,NA,NA,NA,NA,NA,NA,NA,NA,NA,NA,NA,NA,NA,NA,NA,NA,NA,NA,NA,NA,NA,NA,NA,1,1,1
22232,"50001",3,1,1,1,1,1,1,NA,0,1,1,1,NA,3,1,3,1,30,20000,30,2,NA,NA,NA,NA,1,NA,NA,NA,NA,NA,NA,1,1,NA,NA,NA,NA,2,2,2,2,2,2,2,2,2,2,2,2,2,2,2,1,1,1
22320,"50001",2,1,3,4,1,1,1,NA,0,NA,1,NA,NA,3,2,NA,NA,NA,NA,NA,NA,NA,NA,NA,NA,NA,NA,NA,NA,NA,NA,NA,NA,NA,NA,NA,NA,NA,NA,NA,NA,NA,NA,NA,NA,NA,NA,NA,NA,NA,NA,NA,NA,1,1,1
22403,"50001",2,1,3,4,1,1,1,NA,0,NA,1,NA,NA,3,2,NA,NA,NA,NA,NA,NA,NA,NA,NA,NA,NA,NA,NA,NA,NA,NA,NA,NA,NA,NA,NA,NA,NA,NA,NA,NA,NA,NA,NA,NA,NA,NA,NA,NA,NA,NA,NA,NA,3,1,3
22632,"50001",1,1,3,4,1,1,1,NA,0,NA,1,NA,NA,3,2,NA,NA,NA,NA,NA,NA,NA,NA,NA,NA,NA,NA,NA,NA,NA,NA,NA,NA,NA,NA,NA,NA,NA,NA,NA,NA,NA,NA,NA,NA,NA,NA,NA,NA,NA,NA,NA,NA,4,1,4
24390,"50001",2,1,1,2,1,1,1,NA,0,NA,1,NA,NA,3,2,NA,NA,NA,NA,NA,NA,NA,NA,NA,NA,NA,NA,NA,NA,NA,NA,NA,NA,NA,NA,NA,NA,NA,NA,NA,NA,NA,NA,NA,NA,NA,NA,NA,NA,NA,NA,NA,NA,2,1,2
27808,"50001",3,1,1,1,1,1,1,NA,0,1,NA,NA,NA,3,2,NA,NA,NA,NA,NA,NA,NA,NA,NA,NA,NA,NA,NA,NA,NA,NA,NA,NA,NA,NA,NA,NA,NA,NA,NA,NA,NA,NA,NA,NA,NA,NA,NA,NA,NA,NA,NA,NA,1,1,1
27834,"50001",3,1,1,3,1,1,1,NA,0,1,1,NA,NA,3,1,5,1,30,3000,30,1,1000,"MIL PESOS",NA,NA,1,1,NA,NA,NA,NA,NA,2,NA,NA,NA,NA,NA,2,1,2,2,1,1,2,2,1,2,2,2,2,2,2,1,1,1
28032,"50001",3,1,1,2,1,1,1,NA,0,1,NA,NA,NA,3,2,NA,NA,NA,NA,NA,NA,NA,NA,NA,NA,NA,NA,NA,NA,NA,NA,NA,NA,NA,NA,NA,NA,NA,NA,NA,NA,NA,NA,NA,NA,NA,NA,NA,NA,NA,NA,NA,NA,1,1,1
30335,"50001",2,1,2,5,1,1,1,NA,0,1,NA,NA,NA,3,1,1,2,NA,NA,1,1,2000,"DOS MIL",NA,NA,NA,1,NA,NA,NA,NA,NA,2,NA,NA,NA,NA,NA,2,2,2,2,2,2,2,2,2,2,2,2,2,2,2,1,1,1
30526,"50001",1,1,2,3,1,1,1,NA,0,1,NA,NA,NA,3,2,NA,NA,NA,NA,NA,NA,NA,NA,NA,NA,NA,NA,NA,NA,NA,NA,NA,NA,NA,NA,NA,NA,NA,NA,NA,NA,NA,NA,NA,NA,NA,NA,NA,NA,NA,NA,NA,NA,2,1,2
30607,"50001",1,1,1,4,1,1,1,NA,0,1,NA,NA,NA,3,2,NA,NA,NA,NA,NA,NA,NA,NA,NA,NA,NA,NA,NA,NA,NA,NA,NA,NA,NA,NA,NA,NA,NA,NA,NA,NA,NA,NA,NA,NA,NA,NA,NA,NA,NA,NA,NA,NA,4,1,4
31055,"50001",1,1,1,2,1,1,1,NA,0,1,NA,NA,NA,3,2,NA,NA,NA,NA,NA,NA,NA,NA,NA,NA,NA,NA,NA,NA,NA,NA,NA,NA,NA,NA,NA,NA,NA,NA,NA,NA,NA,NA,NA,NA,NA,NA,NA,NA,NA,NA,NA,NA,2,1,2
31063,"50001",1,1,2,3,1,1,1,NA,0,1,NA,NA,NA,3,2,NA,NA,NA,NA,NA,NA,NA,NA,NA,NA,NA,NA,NA,NA,NA,NA,NA,NA,NA,NA,NA,NA,NA,NA,NA,NA,NA,NA,NA,NA,NA,NA,NA,NA,NA,NA,NA,NA,1,1,1
31065,"50001",1,1,1,2,1,1,1,NA,0,NA,NA,1,NA,3,2,NA,NA,NA,NA,NA,NA,NA,NA,NA,NA,NA,NA,NA,NA,NA,NA,NA,NA,NA,NA,NA,NA,NA,NA,NA,NA,NA,NA,NA,NA,NA,NA,NA,NA,NA,NA,NA,NA,2,1,2
31125,"50001",2,1,3,1,1,1,1,NA,0,NA,1,NA,NA,3,1,2,2,NA,NA,1,1,2500,"DOS MIL QUINIENTOS",NA,NA,NA,1,NA,1,NA,NA,NA,2,NA,NA,NA,NA,NA,2,2,2,2,2,2,2,2,2,2,2,2,2,2,2,1,1,1
31126,"50001",1,1,2,4,1,1,1,NA,0,1,NA,NA,NA,3,2,NA,NA,NA,NA,NA,NA,NA,NA,NA,NA,NA,NA,NA,NA,NA,NA,NA,NA,NA,NA,NA,NA,NA,NA,NA,NA,NA,NA,NA,NA,NA,NA,NA,NA,NA,NA,NA,NA,3,1,3
32782,"50001",2,1,1,3,1,1,1,NA,0,NA,NA,1,NA,9,1,4,1,5,12000,8,1,2000,"DOS MIL PESOS",NA,NA,NA,1,NA,1,1,NA,NA,1,NA,1,NA,NA,NA,2,2,1,2,2,1,1,1,1,1,1,1,2,2,1,1,1,1
32957,"50001",1,1,3,3,1,1,1,NA,0,1,NA,NA,NA,3,2,NA,NA,NA,NA,NA,NA,NA,NA,NA,NA,NA,NA,NA,NA,NA,NA,NA,NA,NA,NA,NA,NA,NA,NA,NA,NA,NA,NA,NA,NA,NA,NA,NA,NA,NA,NA,NA,NA,1,1,1
33147,"50001",1,1,3,2,1,1,1,NA,0,1,NA,NA,NA,3,2,NA,NA,NA,NA,NA,NA,NA,NA,NA,NA,NA,NA,NA,NA,NA,NA,NA,NA,NA,NA,NA,NA,NA,NA,NA,NA,NA,NA,NA,NA,NA,NA,NA,NA,NA,NA,NA,NA,2,1,2
34103,"50001",2,1,1,2,1,1,1,NA,0,1,NA,NA,NA,3,2,NA,NA,NA,NA,NA,NA,NA,NA,NA,NA,NA,NA,NA,NA,NA,NA,NA,NA,NA,NA,NA,NA,NA,NA,NA,NA,NA,NA,NA,NA,NA,NA,NA,NA,NA,NA,NA,NA,2,1,2
34202,"50001",2,1,1,2,1,1,1,NA,0,NA,1,NA,NA,3,2,NA,NA,NA,NA,NA,NA,NA,NA,NA,NA,NA,NA,NA,NA,NA,NA,NA,NA,NA,NA,NA,NA,NA,NA,NA,NA,NA,NA,NA,NA,NA,NA,NA,NA,NA,NA,NA,NA,1,1,1
34212,"50001",3,1,2,2,1,1,1,NA,0,1,NA,NA,NA,3,2,NA,NA,NA,NA,NA,NA,NA,NA,NA,NA,NA,NA,NA,NA,NA,NA,NA,NA,NA,NA,NA,NA,NA,NA,NA,NA,NA,NA,NA,NA,NA,NA,NA,NA,NA,NA,NA,NA,1,1,1
34338,"50001",1,1,1,4,1,1,1,NA,0,1,NA,NA,NA,3,2,NA,NA,NA,NA,NA,NA,NA,NA,NA,NA,NA,NA,NA,NA,NA,NA,NA,NA,NA,NA,NA,NA,NA,NA,NA,NA,NA,NA,NA,NA,NA,NA,NA,NA,NA,NA,NA,NA,3,1,3
34393,"50001",2,1,3,1,1,1,1,NA,0,1,NA,NA,NA,3,2,NA,NA,NA,NA,NA,NA,NA,NA,NA,NA,NA,NA,NA,NA,NA,NA,NA,NA,NA,NA,NA,NA,NA,NA,NA,NA,NA,NA,NA,NA,NA,NA,NA,NA,NA,NA,NA,NA,1,1,1
34739,"50001",1,1,3,2,1,1,1,NA,0,1,1,NA,NA,3,2,NA,NA,NA,NA,NA,NA,NA,NA,NA,NA,NA,NA,NA,NA,NA,NA,NA,NA,NA,NA,NA,NA,NA,NA,NA,NA,NA,NA,NA,NA,NA,NA,NA,NA,NA,NA,NA,NA,2,1,2
35169,"50001",1,1,2,4,1,1,1,NA,0,NA,NA,1,NA,3,2,NA,NA,NA,NA,NA,NA,NA,NA,NA,NA,NA,NA,NA,NA,NA,NA,NA,NA,NA,NA,NA,NA,NA,NA,NA,NA,NA,NA,NA,NA,NA,NA,NA,NA,NA,NA,NA,NA,1,1,1
35251,"50001",1,1,2,3,1,1,1,NA,0,1,1,NA,NA,3,2,NA,NA,NA,NA,NA,NA,NA,NA,NA,NA,NA,NA,NA,NA,NA,NA,NA,NA,NA,NA,NA,NA,NA,NA,NA,NA,NA,NA,NA,NA,NA,NA,NA,NA,NA,NA,NA,NA,3,1,3
35425,"50001",2,1,3,5,1,1,1,NA,0,1,NA,NA,NA,3,2,NA,NA,NA,NA,NA,NA,NA,NA,NA,NA,NA,NA,NA,NA,NA,NA,NA,NA,NA,NA,NA,NA,NA,NA,NA,NA,NA,NA,NA,NA,NA,NA,NA,NA,NA,NA,NA,NA,4,1,4
35629,"50001",3,1,2,2,1,1,1,NA,0,1,NA,NA,NA,3,2,NA,NA,NA,NA,NA,NA,NA,NA,NA,NA,NA,NA,NA,NA,NA,NA,NA,NA,NA,NA,NA,NA,NA,NA,NA,NA,NA,NA,NA,NA,NA,NA,NA,NA,NA,NA,NA,NA,1,1,1
35733,"50001",2,1,4,1,1,1,1,NA,0,1,NA,NA,NA,3,2,NA,NA,NA,NA,NA,NA,NA,NA,NA,NA,NA,NA,NA,NA,NA,NA,NA,NA,NA,NA,NA,NA,NA,NA,NA,NA,NA,NA,NA,NA,NA,NA,NA,NA,NA,NA,NA,NA,1,1,1
35819,"50001",2,1,3,1,1,1,1,NA,0,1,NA,NA,NA,3,2,NA,NA,NA,NA,NA,NA,NA,NA,NA,NA,NA,NA,NA,NA,NA,NA,NA,NA,NA,NA,NA,NA,NA,NA,NA,NA,NA,NA,NA,NA,NA,NA,NA,NA,NA,NA,NA,NA,1,1,1
35841,"50001",1,1,4,2,1,1,1,NA,0,1,NA,NA,NA,3,2,NA,NA,NA,NA,NA,NA,NA,NA,NA,NA,NA,NA,NA,NA,NA,NA,NA,NA,NA,NA,NA,NA,NA,NA,NA,NA,NA,NA,NA,NA,NA,NA,NA,NA,NA,NA,NA,NA,2,1,2
36018,"50001",1,1,1,1,1,1,1,NA,0,1,NA,NA,NA,3,1,2,1,1,2000,1,1,2000,"DOS MIL PESOS",NA,NA,1,1,NA,1,NA,NA,NA,2,NA,NA,NA,NA,NA,2,2,2,2,2,2,2,2,2,2,2,2,2,2,2,1,1,1
36094,"50001",2,1,1,3,1,1,1,NA,0,NA,1,NA,NA,3,2,NA,NA,NA,NA,NA,NA,NA,NA,NA,NA,NA,NA,NA,NA,NA,NA,NA,NA,NA,NA,NA,NA,NA,NA,NA,NA,NA,NA,NA,NA,NA,NA,NA,NA,NA,NA,NA,NA,1,1,1
36332,"50001",1,1,3,3,1,1,1,NA,0,1,NA,NA,NA,3,2,NA,NA,NA,NA,NA,NA,NA,NA,NA,NA,NA,NA,NA,NA,NA,NA,NA,NA,NA,NA,NA,NA,NA,NA,NA,NA,NA,NA,NA,NA,NA,NA,NA,NA,NA,NA,NA,NA,2,1,2
37201,"50001",3,1,3,1,1,1,1,NA,0,NA,1,NA,NA,3,1,5,1,30,60000,60,1,2000,"DOS MIL PESOS",NA,NA,NA,1,NA,NA,NA,NA,NA,1,NA,1,NA,NA,NA,1,1,1,1,1,1,1,1,1,1,1,1,1,1,1,1,1,1
