"DIRECTORIO","N_01","N_02","N_03","N_04","N_05","N_06_A","N_06_B","N_06_C","N_07","N_08","N_09","N_09_TEXTO","N_10_A","N_10_B","N_10_C","N_10_D","N_10_E","N_10_F","N_10_G","N_10_H","N_10_I","SECUENCIA_ENCUESTA.x.x","SECUENCIA_P.x.x","ORDEN.x.x","Depmuni","TIPO","SERVICIO","ESTRATO","TOTAL_PERSONAS","SECUENCIA_ENCUESTA.y.x","SECUENCIA_P.y.x","ORDEN.y.x","ESTADO_ENCUESTA","RECO_DIC","grupo","D_01","D_02","D_03","D_04","D_05","D_06","D_07","D_08","D_09","D_10","D_11_A","D_11_B","D_11_C","D_11_D","D_11_E","D_11_F","D_11_G","D_11_H","D_11_I","D_11_J","D_11_K","D_11_L","D_11_M","D_11_N","D_12_A","D_12_A_A","D_12_B","D_12_B_A","D_12_C","D_12_C_A","SECUENCIA_ENCUESTA.x.y","SECUENCIA_P.x.y","ORDEN.x.y","D2_01","D2_03","D2_04","D2_05","D2_05_A","D2_06","D2_07","SECUENCIA_ENCUESTA.y.y","SECUENCIA_P.y.y","ORDEN.y.y","SEXO","EDAD","PARENTESCO","PADRE","MADRE","CONSENTIMIENTO","RESULTADO","SECUENCIA_ENCUESTA","SECUENCIA_P","ORDEN","PER_SELECCIONADA"
11785,3,2,NA,NA,NA,NA,NA,NA,NA,NA,NA,NA,NA,NA,NA,NA,NA,NA,NA,NA,NA,4,1,4,11001,1,1,2,6,1,1,1,NA,0,11,1,1,12,1,30,2,NA,4,1,1,4,4,4,4,4,3,3,4,4,4,4,4,4,4,1,2,1,2,2,NA,4,1,4,9,6,0,5,513,1,1,4,1,4,1,1,5,1,1,NA,NA,6,1,6,NA
11785,3,2,NA,NA,NA,NA,NA,NA,NA,NA,NA,NA,NA,NA,NA,NA,NA,NA,NA,NA,NA,4,1,4,11001,1,1,2,6,1,1,1,NA,0,11,1,1,12,1,30,2,NA,4,1,1,4,4,4,4,4,3,3,4,4,4,4,4,4,4,1,2,1,2,2,NA,4,1,4,9,6,0,5,513,1,1,4,1,4,2,23,4,2,2,NA,NA,5,1,5,NA
11785,3,2,NA,NA,NA,NA,NA,NA,NA,NA,NA,NA,NA,NA,NA,NA,NA,NA,NA,NA,NA,4,1,4,11001,1,1,2,6,1,1,1,NA,0,11,1,1,12,1,30,2,NA,4,1,1,4,4,4,4,4,3,3,4,4,4,4,4,4,4,1,2,1,2,2,NA,4,1,4,9,6,0,5,513,1,1,4,1,4,1,25,3,1,1,NA,NA,3,1,3,NA
11785,3,2,NA,NA,NA,NA,NA,NA,NA,NA,NA,NA,NA,NA,NA,NA,NA,NA,NA,NA,NA,4,1,4,11001,1,1,2,6,1,1,1,NA,0,11,1,1,12,1,30,2,NA,4,1,1,4,4,4,4,4,3,3,4,4,4,4,4,4,4,1,2,1,2,2,NA,4,1,4,9,6,0,5,513,1,1,4,1,4,2,49,2,2,2,NA,NA,2,1,2,NA
11785,3,2,NA,NA,NA,NA,NA,NA,NA,NA,NA,NA,NA,NA,NA,NA,NA,NA,NA,NA,NA,4,1,4,11001,1,1,2,6,1,1,1,NA,0,11,1,1,12,1,30,2,NA,4,1,1,4,4,4,4,4,3,3,4,4,4,4,4,4,4,1,2,1,2,2,NA,4,1,4,9,6,0,5,513,1,1,4,1,4,1,54,1,2,2,NA,NA,1,1,1,NA
11785,3,2,NA,NA,NA,NA,NA,NA,NA,NA,NA,NA,NA,NA,NA,NA,NA,NA,NA,NA,NA,4,1,4,11001,1,1,2,6,1,1,1,NA,0,11,1,1,12,1,30,2,NA,4,1,1,4,4,4,4,4,3,3,4,4,4,4,4,4,4,1,2,1,2,2,NA,4,1,4,9,6,0,5,513,1,1,4,1,4,1,20,3,1,1,1,1,4,1,4,1
11893,3,2,NA,NA,NA,NA,NA,NA,NA,NA,NA,NA,NA,NA,NA,NA,NA,NA,NA,NA,NA,1,1,1,11001,1,1,3,1,1,1,1,NA,0,11,1,1,12,1,35,1,1,5,2,2,4,4,4,2,4,1,1,2,3,3,4,4,4,4,1,1,1,2,1,1,1,1,1,9,6,0,7,708,1,2,1,1,1,2,37,1,2,2,1,1,1,1,1,1
12404,3,2,NA,NA,NA,NA,NA,NA,NA,NA,NA,NA,NA,NA,NA,NA,NA,NA,NA,NA,NA,2,1,2,11001,1,1,2,5,1,1,1,NA,0,11,1,1,7,1,48,1,1,4,2,2,4,4,2,1,4,3,3,3,3,4,4,4,4,4,1,2,1,1,1,1,2,1,2,5,2,2,5,513,1,1,2,1,2,1,23,3,2,1,1,1,2,1,2,1
12404,3,2,NA,NA,NA,NA,NA,NA,NA,NA,NA,NA,NA,NA,NA,NA,NA,NA,NA,NA,NA,2,1,2,11001,1,1,2,5,1,1,1,NA,0,11,1,1,7,1,48,1,1,4,2,2,4,4,2,1,4,3,3,3,3,4,4,4,4,4,1,2,1,1,1,1,2,1,2,5,2,2,5,513,1,1,2,1,2,2,3,3,2,1,NA,NA,5,1,5,NA
12404,3,2,NA,NA,NA,NA,NA,NA,NA,NA,NA,NA,NA,NA,NA,NA,NA,NA,NA,NA,NA,2,1,2,11001,1,1,2,5,1,1,1,NA,0,11,1,1,7,1,48,1,1,4,2,2,4,4,2,1,4,3,3,3,3,4,4,4,4,4,1,2,1,1,1,1,2,1,2,5,2,2,5,513,1,1,2,1,2,2,41,1,2,2,NA,NA,1,1,1,NA
12404,3,2,NA,NA,NA,NA,NA,NA,NA,NA,NA,NA,NA,NA,NA,NA,NA,NA,NA,NA,NA,2,1,2,11001,1,1,2,5,1,1,1,NA,0,11,1,1,7,1,48,1,1,4,2,2,4,4,2,1,4,3,3,3,3,4,4,4,4,4,1,2,1,1,1,1,2,1,2,5,2,2,5,513,1,1,2,1,2,2,14,3,2,1,NA,NA,4,1,4,NA
12404,3,2,NA,NA,NA,NA,NA,NA,NA,NA,NA,NA,NA,NA,NA,NA,NA,NA,NA,NA,NA,2,1,2,11001,1,1,2,5,1,1,1,NA,0,11,1,1,7,1,48,1,1,4,2,2,4,4,2,1,4,3,3,3,3,4,4,4,4,4,1,2,1,1,1,1,2,1,2,5,2,2,5,513,1,1,2,1,2,1,16,3,2,1,NA,NA,3,1,3,NA
12459,3,2,NA,NA,NA,NA,NA,NA,NA,NA,NA,NA,NA,NA,NA,NA,NA,NA,NA,NA,NA,2,1,2,11001,2,1,3,3,1,1,1,NA,0,11,1,1,8,4,40,1,1,1,2,1,4,3,4,4,4,2,3,3,2,4,4,4,4,4,1,1,1,1,1,1,2,1,2,9,2,0,8,801,1,1,2,1,2,2,27,1,2,2,NA,NA,1,1,1,NA
12459,3,2,NA,NA,NA,NA,NA,NA,NA,NA,NA,NA,NA,NA,NA,NA,NA,NA,NA,NA,NA,2,1,2,11001,2,1,3,3,1,1,1,NA,0,11,1,1,8,4,40,1,1,1,2,1,4,3,4,4,4,2,3,3,2,4,4,4,4,4,1,1,1,1,1,1,2,1,2,9,2,0,8,801,1,1,2,1,2,1,30,2,2,2,1,1,2,1,2,1
12459,3,2,NA,NA,NA,NA,NA,NA,NA,NA,NA,NA,NA,NA,NA,NA,NA,NA,NA,NA,NA,2,1,2,11001,2,1,3,3,1,1,1,NA,0,11,1,1,8,4,40,1,1,1,2,1,4,3,4,4,4,2,3,3,2,4,4,4,4,4,1,1,1,1,1,1,2,1,2,9,2,0,8,801,1,1,2,1,2,1,29,7,2,2,NA,NA,3,1,3,NA
12461,2,9,NA,NA,NA,NA,NA,NA,NA,NA,NA,NA,NA,NA,NA,NA,NA,NA,NA,NA,NA,3,1,3,11001,1,1,4,5,1,1,1,NA,0,11,2,3,NA,NA,NA,1,1,5,2,2,4,3,4,5,5,1,1,2,2,2,4,4,4,4,1,1,2,NA,1,1,3,1,3,9,6,0,6,604,1,2,3,1,3,2,40,1,3,1,NA,NA,1,1,1,NA
12461,2,9,NA,NA,NA,NA,NA,NA,NA,NA,NA,NA,NA,NA,NA,NA,NA,NA,NA,NA,NA,3,1,3,11001,1,1,4,5,1,1,1,NA,0,11,2,3,NA,NA,NA,1,1,5,2,2,4,3,4,5,5,1,1,2,2,2,4,4,4,4,1,1,2,NA,1,1,3,1,3,9,6,0,6,604,1,2,3,1,3,1,40,2,2,2,NA,NA,2,1,2,NA
12461,2,9,NA,NA,NA,NA,NA,NA,NA,NA,NA,NA,NA,NA,NA,NA,NA,NA,NA,NA,NA,3,1,3,11001,1,1,4,5,1,1,1,NA,0,11,2,3,NA,NA,NA,1,1,5,2,2,4,3,4,5,5,1,1,2,2,2,4,4,4,4,1,1,2,NA,1,1,3,1,3,9,6,0,6,604,1,2,3,1,3,2,23,3,2,1,1,1,3,1,3,1
12461,2,9,NA,NA,NA,NA,NA,NA,NA,NA,NA,NA,NA,NA,NA,NA,NA,NA,NA,NA,NA,3,1,3,11001,1,1,4,5,1,1,1,NA,0,11,2,3,NA,NA,NA,1,1,5,2,2,4,3,4,5,5,1,1,2,2,2,4,4,4,4,1,1,2,NA,1,1,3,1,3,9,6,0,6,604,1,2,3,1,3,2,10,8,2,2,NA,NA,5,1,5,NA
12461,2,9,NA,NA,NA,NA,NA,NA,NA,NA,NA,NA,NA,NA,NA,NA,NA,NA,NA,NA,NA,3,1,3,11001,1,1,4,5,1,1,1,NA,0,11,2,3,NA,NA,NA,1,1,5,2,2,4,3,4,5,5,1,1,2,2,2,4,4,4,4,1,1,2,NA,1,1,3,1,3,9,6,0,6,604,1,2,3,1,3,2,79,6,3,3,NA,NA,4,1,4,NA
12493,3,2,NA,NA,NA,NA,NA,NA,NA,NA,NA,NA,NA,NA,NA,NA,NA,NA,NA,NA,NA,2,1,2,11001,2,1,3,2,1,1,1,NA,0,11,1,1,12,4,45,1,3,4,2,2,4,4,4,3,4,1,3,4,2,3,4,4,4,4,1,2,1,1,2,NA,2,1,2,9,1,0,6,603,1,2,2,1,2,1,35,1,2,3,NA,NA,1,1,1,NA
12493,3,2,NA,NA,NA,NA,NA,NA,NA,NA,NA,NA,NA,NA,NA,NA,NA,NA,NA,NA,NA,2,1,2,11001,2,1,3,2,1,1,1,NA,0,11,1,1,12,4,45,1,3,4,2,2,4,4,4,3,4,1,3,4,2,3,4,4,4,4,1,2,1,1,2,NA,2,1,2,9,1,0,6,603,1,2,2,1,2,2,36,2,3,2,1,1,2,1,2,1
13002,3,2,NA,NA,NA,NA,NA,NA,NA,NA,NA,NA,NA,NA,NA,NA,NA,NA,NA,NA,NA,2,1,2,11001,2,1,2,2,1,1,1,NA,0,11,2,3,NA,NA,NA,1,1,4,2,2,4,3,2,2,2,2,2,2,4,4,4,4,4,4,1,1,1,1,1,1,2,1,2,9,6,0,5,513,3,1,2,1,2,2,36,1,2,2,NA,NA,1,1,1,NA
13002,3,2,NA,NA,NA,NA,NA,NA,NA,NA,NA,NA,NA,NA,NA,NA,NA,NA,NA,NA,NA,2,1,2,11001,2,1,2,2,1,1,1,NA,0,11,2,3,NA,NA,NA,1,1,4,2,2,4,3,2,2,2,2,2,2,4,4,4,4,4,4,1,1,1,1,1,1,2,1,2,9,6,0,5,513,3,1,2,1,2,1,18,3,2,1,1,1,2,1,2,1
14007,3,1,2,2,NA,NA,NA,NA,NA,NA,30000,"TREINTA MIL",NA,NA,NA,NA,NA,NA,1,NA,NA,1,1,1,11001,2,1,3,4,1,1,1,NA,0,11,1,1,7,1,42,1,1,4,2,2,4,4,3,4,4,1,1,1,2,3,4,4,4,4,2,NA,1,1,2,NA,1,1,1,9,2,2,5,511,1,1,1,1,1,2,5,3,1,1,NA,NA,3,1,3,NA
14007,3,1,2,2,NA,NA,NA,NA,NA,NA,30000,"TREINTA MIL",NA,NA,NA,NA,NA,NA,1,NA,NA,1,1,1,11001,2,1,3,4,1,1,1,NA,0,11,1,1,7,1,42,1,1,4,2,2,4,4,3,4,4,1,1,1,2,3,4,4,4,4,2,NA,1,1,2,NA,1,1,1,9,2,2,5,511,1,1,1,1,1,2,27,2,2,2,NA,NA,2,1,2,NA
14007,3,1,2,2,NA,NA,NA,NA,NA,NA,30000,"TREINTA MIL",NA,NA,NA,NA,NA,NA,1,NA,NA,1,1,1,11001,2,1,3,4,1,1,1,NA,0,11,1,1,7,1,42,1,1,4,2,2,4,4,3,4,4,1,1,1,2,3,4,4,4,4,2,NA,1,1,2,NA,1,1,1,9,2,2,5,511,1,1,1,1,1,1,28,1,2,2,1,1,1,1,1,1
14007,3,1,2,2,NA,NA,NA,NA,NA,NA,30000,"TREINTA MIL",NA,NA,NA,NA,NA,NA,1,NA,NA,1,1,1,11001,2,1,3,4,1,1,1,NA,0,11,1,1,7,1,42,1,1,4,2,2,4,4,3,4,4,1,1,1,2,3,4,4,4,4,2,NA,1,1,2,NA,1,1,1,9,2,2,5,511,1,1,1,1,1,1,2,3,1,1,NA,NA,4,1,4,NA
15249,3,2,NA,NA,NA,NA,NA,NA,NA,NA,NA,NA,NA,NA,NA,NA,NA,NA,NA,NA,NA,1,1,1,11001,2,1,3,4,1,1,1,NA,0,11,1,1,12,2,75,1,1,4,1,1,4,4,4,4,3,4,4,4,4,4,4,4,4,4,1,1,1,1,1,1,1,1,1,9,6,2,6,603,1,2,1,1,1,2,45,1,2,1,1,1,1,1,1,1
15249,3,2,NA,NA,NA,NA,NA,NA,NA,NA,NA,NA,NA,NA,NA,NA,NA,NA,NA,NA,NA,1,1,1,11001,2,1,3,4,1,1,1,NA,0,11,1,1,12,2,75,1,1,4,1,1,4,4,4,4,3,4,4,4,4,4,4,4,4,4,1,1,1,1,1,1,1,1,1,9,6,2,6,603,1,2,1,1,1,1,15,3,2,1,NA,NA,3,1,3,NA
15249,3,2,NA,NA,NA,NA,NA,NA,NA,NA,NA,NA,NA,NA,NA,NA,NA,NA,NA,NA,NA,1,1,1,11001,2,1,3,4,1,1,1,NA,0,11,1,1,12,2,75,1,1,4,1,1,4,4,4,4,3,4,4,4,4,4,4,4,4,4,1,1,1,1,1,1,1,1,1,9,6,2,6,603,1,2,1,1,1,2,70,6,3,3,NA,NA,4,1,4,NA
15249,3,2,NA,NA,NA,NA,NA,NA,NA,NA,NA,NA,NA,NA,NA,NA,NA,NA,NA,NA,NA,1,1,1,11001,2,1,3,4,1,1,1,NA,0,11,1,1,12,2,75,1,1,4,1,1,4,4,4,4,3,4,4,4,4,4,4,4,4,4,1,1,1,1,1,1,1,1,1,9,6,2,6,603,1,2,1,1,1,1,20,3,2,1,NA,NA,2,1,2,NA
15341,3,1,1,2,NA,NA,NA,NA,NA,NA,20000,"VEINTE MIL",NA,NA,NA,1,NA,NA,NA,NA,NA,1,1,1,11001,2,1,3,1,1,1,1,NA,0,11,1,4,NA,NA,NA,1,3,3,2,2,3,4,5,5,5,1,1,3,3,3,5,4,4,4,1,1,1,1,2,NA,1,1,1,9,6,0,5,511,1,1,1,1,1,1,43,1,2,2,1,1,1,1,1,1
15704,3,2,NA,NA,NA,NA,NA,NA,NA,NA,NA,NA,NA,NA,NA,NA,NA,NA,NA,NA,NA,4,1,4,11001,1,1,3,4,1,1,1,NA,0,11,1,1,8,4,30,1,1,4,2,2,3,3,4,4,4,3,3,3,4,4,4,4,4,4,2,NA,1,1,1,1,4,1,4,9,6,1,6,601,1,1,4,1,4,2,58,3,1,1,NA,NA,3,1,3,NA
15704,3,2,NA,NA,NA,NA,NA,NA,NA,NA,NA,NA,NA,NA,NA,NA,NA,NA,NA,NA,NA,4,1,4,11001,1,1,3,4,1,1,1,NA,0,11,1,1,8,4,30,1,1,4,2,2,3,3,4,4,4,3,3,3,4,4,4,4,4,4,2,NA,1,1,1,1,4,1,4,9,6,1,6,601,1,1,4,1,4,1,86,1,3,3,NA,NA,1,1,1,NA
15704,3,2,NA,NA,NA,NA,NA,NA,NA,NA,NA,NA,NA,NA,NA,NA,NA,NA,NA,NA,NA,4,1,4,11001,1,1,3,4,1,1,1,NA,0,11,1,1,8,4,30,1,1,4,2,2,3,3,4,4,4,3,3,3,4,4,4,4,4,4,2,NA,1,1,1,1,4,1,4,9,6,1,6,601,1,1,4,1,4,2,77,2,3,3,NA,NA,2,1,2,NA
15704,3,2,NA,NA,NA,NA,NA,NA,NA,NA,NA,NA,NA,NA,NA,NA,NA,NA,NA,NA,NA,4,1,4,11001,1,1,3,4,1,1,1,NA,0,11,1,1,8,4,30,1,1,4,2,2,3,3,4,4,4,3,3,3,4,4,4,4,4,4,2,NA,1,1,1,1,4,1,4,9,6,1,6,601,1,1,4,1,4,1,24,5,2,1,1,1,4,1,4,1
16300,3,2,NA,NA,NA,NA,NA,NA,NA,NA,NA,NA,NA,NA,NA,NA,NA,NA,NA,NA,NA,3,1,3,11001,1,1,2,3,1,1,1,NA,0,11,1,1,6,1,48,1,3,4,2,2,2,4,4,3,4,2,3,4,3,3,4,4,4,4,1,2,1,1,1,1,3,1,3,9,6,0,7,705,1,1,3,1,3,2,60,1,3,3,NA,NA,1,1,1,NA
16300,3,2,NA,NA,NA,NA,NA,NA,NA,NA,NA,NA,NA,NA,NA,NA,NA,NA,NA,NA,NA,3,1,3,11001,1,1,2,3,1,1,1,NA,0,11,1,1,6,1,48,1,3,4,2,2,2,4,4,3,4,2,3,4,3,3,4,4,4,4,1,2,1,1,1,1,3,1,3,9,6,0,7,705,1,1,3,1,3,1,29,3,2,1,1,1,3,1,3,1
16300,3,2,NA,NA,NA,NA,NA,NA,NA,NA,NA,NA,NA,NA,NA,NA,NA,NA,NA,NA,NA,3,1,3,11001,1,1,2,3,1,1,1,NA,0,11,1,1,6,1,48,1,3,4,2,2,2,4,4,3,4,2,3,4,3,3,4,4,4,4,1,2,1,1,1,1,3,1,3,9,6,0,7,705,1,1,3,1,3,1,50,7,3,3,NA,NA,2,1,2,NA
16371,3,2,NA,NA,NA,NA,NA,NA,NA,NA,NA,NA,NA,NA,NA,NA,NA,NA,NA,NA,NA,4,1,4,11001,2,1,2,4,1,1,1,NA,0,11,1,2,NA,NA,NA,2,NA,2,2,2,4,4,4,4,4,2,2,2,2,4,4,4,4,4,1,2,1,1,1,1,4,1,4,9,6,1,5,511,1,1,4,1,4,1,27,7,2,2,1,1,4,1,4,1
16371,3,2,NA,NA,NA,NA,NA,NA,NA,NA,NA,NA,NA,NA,NA,NA,NA,NA,NA,NA,NA,4,1,4,11001,2,1,2,4,1,1,1,NA,0,11,1,2,NA,NA,NA,2,NA,2,2,2,4,4,4,4,4,2,2,2,2,4,4,4,4,4,1,2,1,1,1,1,4,1,4,9,6,1,5,511,1,1,4,1,4,1,33,1,2,2,NA,NA,1,1,1,NA
16371,3,2,NA,NA,NA,NA,NA,NA,NA,NA,NA,NA,NA,NA,NA,NA,NA,NA,NA,NA,NA,4,1,4,11001,2,1,2,4,1,1,1,NA,0,11,1,2,NA,NA,NA,2,NA,2,2,2,4,4,4,4,4,2,2,2,2,4,4,4,4,4,1,2,1,1,1,1,4,1,4,9,6,1,5,511,1,1,4,1,4,1,8,3,1,2,NA,NA,3,1,3,NA
16371,3,2,NA,NA,NA,NA,NA,NA,NA,NA,NA,NA,NA,NA,NA,NA,NA,NA,NA,NA,NA,4,1,4,11001,2,1,2,4,1,1,1,NA,0,11,1,2,NA,NA,NA,2,NA,2,2,2,4,4,4,4,4,2,2,2,2,4,4,4,4,4,1,2,1,1,1,1,4,1,4,9,6,1,5,511,1,1,4,1,4,1,10,3,1,2,NA,NA,2,1,2,NA
16633,3,2,NA,NA,NA,NA,NA,NA,NA,NA,NA,NA,NA,NA,NA,NA,NA,NA,NA,NA,NA,3,1,3,11001,1,1,3,4,1,1,1,NA,0,11,2,3,NA,NA,NA,1,1,3,1,1,4,4,4,4,4,2,2,2,4,4,4,4,4,4,1,1,1,1,1,1,3,1,3,9,6,1,7,704,1,2,3,1,3,2,57,2,2,2,NA,NA,2,1,2,NA
16633,3,2,NA,NA,NA,NA,NA,NA,NA,NA,NA,NA,NA,NA,NA,NA,NA,NA,NA,NA,NA,3,1,3,11001,1,1,3,4,1,1,1,NA,0,11,2,3,NA,NA,NA,1,1,3,1,1,4,4,4,4,4,2,2,2,4,4,4,4,4,4,1,1,1,1,1,1,3,1,3,9,6,1,7,704,1,2,3,1,3,1,55,1,2,2,NA,NA,1,1,1,NA
16633,3,2,NA,NA,NA,NA,NA,NA,NA,NA,NA,NA,NA,NA,NA,NA,NA,NA,NA,NA,NA,3,1,3,11001,1,1,3,4,1,1,1,NA,0,11,2,3,NA,NA,NA,1,1,3,1,1,4,4,4,4,4,2,2,2,4,4,4,4,4,4,1,1,1,1,1,1,3,1,3,9,6,1,7,704,1,2,3,1,3,2,17,3,1,1,NA,NA,4,1,4,NA
16633,3,2,NA,NA,NA,NA,NA,NA,NA,NA,NA,NA,NA,NA,NA,NA,NA,NA,NA,NA,NA,3,1,3,11001,1,1,3,4,1,1,1,NA,0,11,2,3,NA,NA,NA,1,1,3,1,1,4,4,4,4,4,2,2,2,4,4,4,4,4,4,1,1,1,1,1,1,3,1,3,9,6,1,7,704,1,2,3,1,3,2,27,3,1,1,1,1,3,1,3,1
19026,3,2,NA,NA,NA,NA,NA,NA,NA,NA,NA,NA,NA,NA,NA,NA,NA,NA,NA,NA,NA,2,1,2,11001,2,1,2,3,1,1,1,NA,0,11,1,1,8,4,48,1,1,4,1,1,4,4,4,4,4,4,4,4,4,4,4,4,4,4,1,1,1,1,1,1,2,1,2,9,6,1,4,408,1,1,2,1,2,1,28,3,2,1,1,1,2,1,2,1
19026,3,2,NA,NA,NA,NA,NA,NA,NA,NA,NA,NA,NA,NA,NA,NA,NA,NA,NA,NA,NA,2,1,2,11001,2,1,2,3,1,1,1,NA,0,11,1,1,8,4,48,1,1,4,1,1,4,4,4,4,4,4,4,4,4,4,4,4,4,4,1,1,1,1,1,1,2,1,2,9,6,1,4,408,1,1,2,1,2,1,19,3,2,1,NA,NA,3,1,3,NA
19026,3,2,NA,NA,NA,NA,NA,NA,NA,NA,NA,NA,NA,NA,NA,NA,NA,NA,NA,NA,NA,2,1,2,11001,2,1,2,3,1,1,1,NA,0,11,1,1,8,4,48,1,1,4,1,1,4,4,4,4,4,4,4,4,4,4,4,4,4,4,1,1,1,1,1,1,2,1,2,9,6,1,4,408,1,1,2,1,2,2,51,1,3,3,NA,NA,1,1,1,NA
21992,3,2,NA,NA,NA,NA,NA,NA,NA,NA,NA,NA,NA,NA,NA,NA,NA,NA,NA,NA,NA,1,1,1,11001,1,1,3,2,1,1,1,NA,0,11,2,3,NA,NA,NA,2,NA,4,2,2,4,4,4,4,4,2,2,2,4,4,4,4,4,4,2,NA,1,2,2,NA,1,1,1,9,6,0,7,706,2,1,1,1,1,2,24,7,2,2,NA,NA,2,1,2,NA
21992,3,2,NA,NA,NA,NA,NA,NA,NA,NA,NA,NA,NA,NA,NA,NA,NA,NA,NA,NA,NA,1,1,1,11001,1,1,3,2,1,1,1,NA,0,11,2,3,NA,NA,NA,2,NA,4,2,2,4,4,4,4,4,2,2,2,4,4,4,4,4,4,2,NA,1,2,2,NA,1,1,1,9,6,0,7,706,2,1,1,1,1,1,25,1,2,2,1,1,1,1,1,1
22093,3,2,NA,NA,NA,NA,NA,NA,NA,NA,NA,NA,NA,NA,NA,NA,NA,NA,NA,NA,NA,2,1,2,11001,2,1,3,5,1,1,1,NA,0,11,2,2,NA,NA,NA,1,1,4,2,2,4,4,2,4,4,5,5,5,3,3,4,4,4,4,2,NA,1,1,1,1,2,1,2,9,5,0,7,705,1,1,2,1,2,1,38,3,2,1,NA,NA,3,1,3,NA
22093,3,2,NA,NA,NA,NA,NA,NA,NA,NA,NA,NA,NA,NA,NA,NA,NA,NA,NA,NA,NA,2,1,2,11001,2,1,3,5,1,1,1,NA,0,11,2,2,NA,NA,NA,1,1,4,2,2,4,4,2,4,4,5,5,5,3,3,4,4,4,4,2,NA,1,1,1,1,2,1,2,9,5,0,7,705,1,1,2,1,2,2,60,1,2,3,NA,NA,1,1,1,NA
22093,3,2,NA,NA,NA,NA,NA,NA,NA,NA,NA,NA,NA,NA,NA,NA,NA,NA,NA,NA,NA,2,1,2,11001,2,1,3,5,1,1,1,NA,0,11,2,2,NA,NA,NA,1,1,4,2,2,4,4,2,4,4,5,5,5,3,3,4,4,4,4,2,NA,1,1,1,1,2,1,2,9,5,0,7,705,1,1,2,1,2,2,35,3,2,1,NA,NA,4,1,4,NA
22093,3,2,NA,NA,NA,NA,NA,NA,NA,NA,NA,NA,NA,NA,NA,NA,NA,NA,NA,NA,NA,2,1,2,11001,2,1,3,5,1,1,1,NA,0,11,2,2,NA,NA,NA,1,1,4,2,2,4,4,2,4,4,5,5,5,3,3,4,4,4,4,2,NA,1,1,1,1,2,1,2,9,5,0,7,705,1,1,2,1,2,1,41,3,2,1,1,1,2,1,2,1
22093,3,2,NA,NA,NA,NA,NA,NA,NA,NA,NA,NA,NA,NA,NA,NA,NA,NA,NA,NA,NA,2,1,2,11001,2,1,3,5,1,1,1,NA,0,11,2,2,NA,NA,NA,1,1,4,2,2,4,4,2,4,4,5,5,5,3,3,4,4,4,4,2,NA,1,1,1,1,2,1,2,9,5,0,7,705,1,1,2,1,2,1,31,4,2,2,NA,NA,5,1,5,NA
23432,3,2,NA,NA,NA,NA,NA,NA,NA,NA,NA,NA,NA,NA,NA,NA,NA,NA,NA,NA,NA,2,1,2,11001,2,1,2,3,1,1,1,NA,0,11,1,1,6,1,53,1,1,4,2,2,4,4,3,4,4,3,4,4,3,4,4,3,4,4,1,2,1,1,1,1,2,1,2,9,2,1,5,511,1,2,2,1,2,2,10,3,1,1,NA,NA,3,1,3,NA
23432,3,2,NA,NA,NA,NA,NA,NA,NA,NA,NA,NA,NA,NA,NA,NA,NA,NA,NA,NA,NA,2,1,2,11001,2,1,2,3,1,1,1,NA,0,11,1,1,6,1,53,1,1,4,2,2,4,4,3,4,4,3,4,4,3,4,4,3,4,4,1,2,1,1,1,1,2,1,2,9,2,1,5,511,1,2,2,1,2,1,41,1,3,2,NA,NA,1,1,1,NA
23432,3,2,NA,NA,NA,NA,NA,NA,NA,NA,NA,NA,NA,NA,NA,NA,NA,NA,NA,NA,NA,2,1,2,11001,2,1,2,3,1,1,1,NA,0,11,1,1,6,1,53,1,1,4,2,2,4,4,3,4,4,3,4,4,3,4,4,3,4,4,1,2,1,1,1,1,2,1,2,9,2,1,5,511,1,2,2,1,2,2,28,2,3,2,1,1,2,1,2,1
26250,2,1,2,1,1,1,NA,NA,1,2,20000,"VEINTE MIL PESOS",NA,NA,1,NA,1,1,NA,NA,NA,2,1,2,11001,2,1,2,3,1,1,1,NA,0,11,1,1,12,4,70,2,NA,3,2,2,4,4,4,4,4,4,4,4,4,4,4,4,4,4,1,1,1,1,1,1,2,1,2,9,2,2,5,511,1,1,2,1,2,2,20,3,1,1,NA,NA,3,1,3,NA
26250,2,1,2,1,1,1,NA,NA,1,2,20000,"VEINTE MIL PESOS",NA,NA,1,NA,1,1,NA,NA,NA,2,1,2,11001,2,1,2,3,1,1,1,NA,0,11,1,1,12,4,70,2,NA,3,2,2,4,4,4,4,4,4,4,4,4,4,4,4,4,4,1,1,1,1,1,1,2,1,2,9,2,2,5,511,1,1,2,1,2,1,40,1,2,2,NA,NA,1,1,1,NA
26250,2,1,2,1,1,1,NA,NA,1,2,20000,"VEINTE MIL PESOS",NA,NA,1,NA,1,1,NA,NA,NA,2,1,2,11001,2,1,2,3,1,1,1,NA,0,11,1,1,12,4,70,2,NA,3,2,2,4,4,4,4,4,4,4,4,4,4,4,4,4,4,1,1,1,1,1,1,2,1,2,9,2,2,5,511,1,1,2,1,2,2,33,2,2,2,1,1,2,1,2,1
29784,3,2,NA,NA,NA,NA,NA,NA,NA,NA,NA,NA,NA,NA,NA,NA,NA,NA,NA,NA,NA,1,1,1,11001,2,1,2,2,1,1,1,NA,0,11,1,1,8,4,60,1,3,5,1,1,2,4,4,4,4,1,1,4,3,4,4,4,4,4,1,1,1,1,1,1,1,1,1,9,6,2,7,703,1,1,1,1,1,2,66,6,3,3,NA,NA,2,1,2,NA
29784,3,2,NA,NA,NA,NA,NA,NA,NA,NA,NA,NA,NA,NA,NA,NA,NA,NA,NA,NA,NA,1,1,1,11001,2,1,2,2,1,1,1,NA,0,11,1,1,8,4,60,1,3,5,1,1,2,4,4,4,4,1,1,4,3,4,4,4,4,4,1,1,1,1,1,1,1,1,1,9,6,2,7,703,1,1,1,1,1,1,40,1,3,1,1,1,1,1,1,1
29974,3,2,NA,NA,NA,NA,NA,NA,NA,NA,NA,NA,NA,NA,NA,NA,NA,NA,NA,NA,NA,3,1,3,11001,1,1,3,3,1,1,1,NA,0,11,1,1,12,4,20,1,1,3,1,1,4,4,4,3,4,1,2,2,3,3,4,4,4,4,1,2,1,2,1,1,3,1,3,9,6,0,5,511,1,1,3,1,3,2,66,2,3,3,NA,NA,2,1,2,NA
29974,3,2,NA,NA,NA,NA,NA,NA,NA,NA,NA,NA,NA,NA,NA,NA,NA,NA,NA,NA,NA,3,1,3,11001,1,1,3,3,1,1,1,NA,0,11,1,1,12,4,20,1,1,3,1,1,4,4,4,3,4,1,2,2,3,3,4,4,4,4,1,2,1,2,1,1,3,1,3,9,6,0,5,511,1,1,3,1,3,1,67,1,3,3,NA,NA,1,1,1,NA
29974,3,2,NA,NA,NA,NA,NA,NA,NA,NA,NA,NA,NA,NA,NA,NA,NA,NA,NA,NA,NA,3,1,3,11001,1,1,3,3,1,1,1,NA,0,11,1,1,12,4,20,1,1,3,1,1,4,4,4,3,4,1,2,2,3,3,4,4,4,4,1,2,1,2,1,1,3,1,3,9,6,0,5,511,1,1,3,1,3,1,32,3,1,1,1,1,3,1,3,1
30619,3,2,NA,NA,NA,NA,NA,NA,NA,NA,NA,NA,NA,NA,NA,NA,NA,NA,NA,NA,NA,2,1,2,11001,2,1,3,2,1,1,1,NA,0,11,1,1,12,4,30,1,1,4,2,2,4,4,3,3,4,3,3,3,4,4,4,4,4,4,1,1,1,1,1,1,2,1,2,9,6,1,5,511,1,1,2,1,2,1,29,3,2,1,1,1,2,1,2,1
30619,3,2,NA,NA,NA,NA,NA,NA,NA,NA,NA,NA,NA,NA,NA,NA,NA,NA,NA,NA,NA,2,1,2,11001,2,1,3,2,1,1,1,NA,0,11,1,1,12,4,30,1,1,4,2,2,4,4,3,3,4,3,3,3,4,4,4,4,4,4,1,1,1,1,1,1,2,1,2,9,6,1,5,511,1,1,2,1,2,2,67,1,3,3,NA,NA,1,1,1,NA
32553,1,1,2,1,1,1,NA,NA,1,2,30000,"TRENTAMIL PESOS",NA,NA,NA,1,NA,NA,NA,NA,NA,3,1,3,11001,1,1,3,3,1,1,1,NA,0,11,2,3,NA,NA,NA,1,1,5,2,2,3,3,4,4,4,2,2,3,2,3,4,4,4,4,1,1,2,NA,2,NA,3,1,3,9,6,0,7,704,3,2,3,1,3,2,53,2,2,2,NA,NA,2,1,2,NA
32553,1,1,2,1,1,1,NA,NA,1,2,30000,"TRENTAMIL PESOS",NA,NA,NA,1,NA,NA,NA,NA,NA,3,1,3,11001,1,1,3,3,1,1,1,NA,0,11,2,3,NA,NA,NA,1,1,5,2,2,3,3,4,4,4,2,2,3,2,3,4,4,4,4,1,1,2,NA,2,NA,3,1,3,9,6,0,7,704,3,2,3,1,3,1,55,1,2,2,NA,NA,1,1,1,NA
32553,1,1,2,1,1,1,NA,NA,1,2,30000,"TRENTAMIL PESOS",NA,NA,NA,1,NA,NA,NA,NA,NA,3,1,3,11001,1,1,3,3,1,1,1,NA,0,11,2,3,NA,NA,NA,1,1,5,2,2,3,3,4,4,4,2,2,3,2,3,4,4,4,4,1,1,2,NA,2,NA,3,1,3,9,6,0,7,704,3,2,3,1,3,2,20,3,1,1,1,1,3,1,3,1
34718,3,1,2,1,1,1,NA,NA,1,1,30000,"TREINTA MIL",NA,NA,NA,NA,1,NA,NA,NA,NA,1,1,1,11001,2,1,6,2,1,1,1,NA,0,11,1,1,12,4,40,1,1,5,2,2,4,4,2,3,3,1,1,1,4,4,4,4,4,4,2,NA,2,NA,2,NA,1,1,1,9,2,0,7,705,1,1,1,1,1,1,34,1,2,2,1,1,1,1,1,1
34718,3,1,2,1,1,1,NA,NA,1,1,30000,"TREINTA MIL",NA,NA,NA,NA,1,NA,NA,NA,NA,1,1,1,11001,2,1,6,2,1,1,1,NA,0,11,1,1,12,4,40,1,1,5,2,2,4,4,2,3,3,1,1,1,4,4,4,4,4,4,2,NA,2,NA,2,NA,1,1,1,9,2,0,7,705,1,1,1,1,1,2,31,2,2,2,NA,NA,2,1,2,NA
36830,3,2,NA,NA,NA,NA,NA,NA,NA,NA,NA,NA,NA,NA,NA,NA,NA,NA,NA,NA,NA,1,1,1,11001,2,1,4,1,1,1,1,NA,0,11,1,1,12,4,72,1,1,5,2,2,4,4,4,4,4,3,3,3,3,3,4,4,4,4,1,1,1,1,1,1,1,1,1,9,5,0,7,705,3,2,1,1,1,2,37,1,2,2,1,1,1,1,1,1
37025,3,1,2,1,1,NA,1,NA,NA,1,12000,"doce mil",NA,NA,NA,1,NA,NA,NA,NA,NA,1,1,1,11001,2,1,4,1,1,1,1,NA,0,11,1,1,11,2,50,1,1,4,1,1,4,4,4,4,4,1,1,1,3,3,4,4,4,4,1,1,1,2,2,NA,1,1,1,9,6,0,7,705,1,2,1,1,1,2,31,1,2,2,1,1,1,1,1,1
37090,3,2,NA,NA,NA,NA,NA,NA,NA,NA,NA,NA,NA,NA,NA,NA,NA,NA,NA,NA,NA,1,1,1,11001,2,1,2,2,1,1,1,NA,0,11,1,1,6,1,46,1,1,4,1,1,4,4,1,3,4,1,1,3,5,4,4,4,4,4,1,1,1,1,1,1,1,1,1,9,6,1,5,511,1,2,1,1,1,2,20,1,2,2,1,1,1,1,1,1
37090,3,2,NA,NA,NA,NA,NA,NA,NA,NA,NA,NA,NA,NA,NA,NA,NA,NA,NA,NA,NA,1,1,1,11001,2,1,2,2,1,1,1,NA,0,11,1,1,6,1,46,1,1,4,1,1,4,4,1,3,4,1,1,3,5,4,4,4,4,4,1,1,1,1,1,1,1,1,1,9,6,1,5,511,1,2,1,1,1,2,1,3,2,1,NA,NA,2,1,2,NA
38827,3,1,1,2,NA,NA,NA,NA,NA,NA,8000,"OCHO MIL PESOS",NA,NA,NA,1,NA,NA,NA,NA,NA,4,1,4,11001,1,1,1,5,1,1,1,NA,0,11,2,3,NA,NA,NA,2,NA,3,1,1,4,4,4,4,4,4,4,4,4,4,4,4,4,4,1,1,1,1,1,1,4,1,4,9,6,0,5,511,1,2,4,1,4,2,52,1,2,3,NA,NA,1,1,1,NA
38827,3,1,1,2,NA,NA,NA,NA,NA,NA,8000,"OCHO MIL PESOS",NA,NA,NA,1,NA,NA,NA,NA,NA,4,1,4,11001,1,1,1,5,1,1,1,NA,0,11,2,3,NA,NA,NA,2,NA,3,1,1,4,4,4,4,4,4,4,4,4,4,4,4,4,4,1,1,1,1,1,1,4,1,4,9,6,0,5,511,1,2,4,1,4,1,20,10,3,2,NA,NA,5,1,5,NA
38827,3,1,1,2,NA,NA,NA,NA,NA,NA,8000,"OCHO MIL PESOS",NA,NA,NA,1,NA,NA,NA,NA,NA,4,1,4,11001,1,1,1,5,1,1,1,NA,0,11,2,3,NA,NA,NA,2,NA,3,1,1,4,4,4,4,4,4,4,4,4,4,4,4,4,4,1,1,1,1,1,1,4,1,4,9,6,0,5,511,1,2,4,1,4,2,19,3,2,1,1,1,4,1,4,1
38827,3,1,1,2,NA,NA,NA,NA,NA,NA,8000,"OCHO MIL PESOS",NA,NA,NA,1,NA,NA,NA,NA,NA,4,1,4,11001,1,1,1,5,1,1,1,NA,0,11,2,3,NA,NA,NA,2,NA,3,1,1,4,4,4,4,4,4,4,4,4,4,4,4,4,4,1,1,1,1,1,1,4,1,4,9,6,0,5,511,1,2,4,1,4,1,30,3,3,1,NA,NA,3,1,3,NA
38827,3,1,1,2,NA,NA,NA,NA,NA,NA,8000,"OCHO MIL PESOS",NA,NA,NA,1,NA,NA,NA,NA,NA,4,1,4,11001,1,1,1,5,1,1,1,NA,0,11,2,3,NA,NA,NA,2,NA,3,1,1,4,4,4,4,4,4,4,4,4,4,4,4,4,4,1,1,1,1,1,1,4,1,4,9,6,0,5,511,1,2,4,1,4,1,51,2,2,2,NA,NA,2,1,2,NA
39577,3,2,NA,NA,NA,NA,NA,NA,NA,NA,NA,NA,NA,NA,NA,NA,NA,NA,NA,NA,NA,2,1,2,11001,2,1,4,2,1,1,1,NA,0,11,1,1,8,1,48,1,1,5,2,2,3,4,4,4,4,3,2,3,4,5,4,5,5,5,1,1,1,1,1,1,2,1,2,9,1,0,7,701,2,1,2,1,2,1,35,2,2,2,1,1,2,1,2,1
39577,3,2,NA,NA,NA,NA,NA,NA,NA,NA,NA,NA,NA,NA,NA,NA,NA,NA,NA,NA,NA,2,1,2,11001,2,1,4,2,1,1,1,NA,0,11,1,1,8,1,48,1,1,5,2,2,3,4,4,4,4,3,2,3,4,5,4,5,5,5,1,1,1,1,1,1,2,1,2,9,1,0,7,701,2,1,2,1,2,1,39,1,2,2,NA,NA,1,1,1,NA
41809,3,2,NA,NA,NA,NA,NA,NA,NA,NA,NA,NA,NA,NA,NA,NA,NA,NA,NA,NA,NA,5,1,5,11001,1,1,3,6,1,1,1,NA,0,11,1,1,12,1,40,1,1,4,2,2,4,4,5,5,5,3,3,4,3,4,4,4,4,4,1,2,1,2,1,2,5,1,5,9,6,1,5,511,3,2,5,1,5,2,39,3,2,1,NA,NA,2,1,2,NA
41809,3,2,NA,NA,NA,NA,NA,NA,NA,NA,NA,NA,NA,NA,NA,NA,NA,NA,NA,NA,NA,5,1,5,11001,1,1,3,6,1,1,1,NA,0,11,1,1,12,1,40,1,1,4,2,2,4,4,5,5,5,3,3,4,3,4,4,4,4,4,1,2,1,2,1,2,5,1,5,9,6,1,5,511,3,2,5,1,5,2,11,5,2,1,NA,NA,3,1,3,NA
41809,3,2,NA,NA,NA,NA,NA,NA,NA,NA,NA,NA,NA,NA,NA,NA,NA,NA,NA,NA,NA,5,1,5,11001,1,1,3,6,1,1,1,NA,0,11,1,1,12,1,40,1,1,4,2,2,4,4,5,5,5,3,3,4,3,4,4,4,4,4,1,2,1,2,1,2,5,1,5,9,6,1,5,511,3,2,5,1,5,2,3,5,2,1,NA,NA,6,1,6,NA
41809,3,2,NA,NA,NA,NA,NA,NA,NA,NA,NA,NA,NA,NA,NA,NA,NA,NA,NA,NA,NA,5,1,5,11001,1,1,3,6,1,1,1,NA,0,11,1,1,12,1,40,1,1,4,2,2,4,4,5,5,5,3,3,4,3,4,4,4,4,4,1,2,1,2,1,2,5,1,5,9,6,1,5,511,3,2,5,1,5,2,60,1,3,3,NA,NA,1,1,1,NA
41809,3,2,NA,NA,NA,NA,NA,NA,NA,NA,NA,NA,NA,NA,NA,NA,NA,NA,NA,NA,NA,5,1,5,11001,1,1,3,6,1,1,1,NA,0,11,1,1,12,1,40,1,1,4,2,2,4,4,5,5,5,3,3,4,3,4,4,4,4,4,1,2,1,2,1,2,5,1,5,9,6,1,5,511,3,2,5,1,5,2,19,5,2,1,NA,NA,4,1,4,NA
41809,3,2,NA,NA,NA,NA,NA,NA,NA,NA,NA,NA,NA,NA,NA,NA,NA,NA,NA,NA,NA,5,1,5,11001,1,1,3,6,1,1,1,NA,0,11,1,1,12,1,40,1,1,4,2,2,4,4,5,5,5,3,3,4,3,4,4,4,4,4,1,2,1,2,1,2,5,1,5,9,6,1,5,511,3,2,5,1,5,2,21,3,2,1,1,1,5,1,5,1
42935,3,2,NA,NA,NA,NA,NA,NA,NA,NA,NA,NA,NA,NA,NA,NA,NA,NA,NA,NA,NA,1,1,1,11001,2,1,3,1,1,1,1,NA,0,11,2,3,NA,NA,NA,1,1,4,1,2,3,3,2,3,4,2,2,3,3,4,4,4,4,4,1,1,1,1,1,1,1,1,1,9,6,0,5,511,1,1,1,1,1,1,22,1,2,2,1,1,1,1,1,1
43934,9,2,NA,NA,NA,NA,NA,NA,NA,NA,NA,NA,NA,NA,NA,NA,NA,NA,NA,NA,NA,2,1,2,11001,2,1,3,3,1,1,1,NA,0,11,1,3,NA,NA,NA,1,1,5,2,2,2,3,3,3,4,1,1,2,2,2,4,4,4,4,2,NA,2,NA,2,NA,2,1,2,9,6,0,7,702,1,1,2,1,2,1,19,10,2,2,1,1,2,1,2,1
43934,9,2,NA,NA,NA,NA,NA,NA,NA,NA,NA,NA,NA,NA,NA,NA,NA,NA,NA,NA,NA,2,1,2,11001,2,1,3,3,1,1,1,NA,0,11,1,3,NA,NA,NA,1,1,5,2,2,2,3,3,3,4,1,1,2,2,2,4,4,4,4,2,NA,2,NA,2,NA,2,1,2,9,6,0,7,702,1,1,2,1,2,1,22,1,2,2,NA,NA,1,1,1,NA
43934,9,2,NA,NA,NA,NA,NA,NA,NA,NA,NA,NA,NA,NA,NA,NA,NA,NA,NA,NA,NA,2,1,2,11001,2,1,3,3,1,1,1,NA,0,11,1,3,NA,NA,NA,1,1,5,2,2,2,3,3,3,4,1,1,2,2,2,4,4,4,4,2,NA,2,NA,2,NA,2,1,2,9,6,0,7,702,1,1,2,1,2,1,24,10,2,2,NA,NA,3,1,3,NA
44430,3,2,NA,NA,NA,NA,NA,NA,NA,NA,NA,NA,NA,NA,NA,NA,NA,NA,NA,NA,NA,1,1,1,11001,2,1,1,1,1,1,1,NA,0,11,1,1,6,1,48,2,NA,3,1,1,4,4,4,5,1,1,4,3,3,4,4,4,4,4,1,1,1,1,1,1,1,1,1,9,6,0,4,409,1,1,1,1,1,1,28,1,2,2,1,1,1,1,1,1
45928,3,2,NA,NA,NA,NA,NA,NA,NA,NA,NA,NA,NA,NA,NA,NA,NA,NA,NA,NA,NA,1,1,1,11001,2,1,5,1,1,1,1,NA,0,11,1,1,12,4,70,2,NA,4,1,1,4,3,4,4,4,1,1,2,4,4,4,4,4,4,1,2,2,NA,2,NA,1,1,1,9,6,0,8,802,1,2,1,1,1,2,29,1,2,2,1,1,1,1,1,1
47812,3,2,NA,NA,NA,NA,NA,NA,NA,NA,NA,NA,NA,NA,NA,NA,NA,NA,NA,NA,NA,3,1,3,11001,2,1,6,3,1,1,1,NA,0,11,2,3,NA,NA,NA,1,1,5,2,2,4,3,2,2,3,2,2,3,2,3,3,3,4,4,1,2,1,2,2,NA,3,1,3,9,6,0,7,705,1,1,3,1,3,1,69,1,3,3,NA,NA,1,1,1,NA
47812,3,2,NA,NA,NA,NA,NA,NA,NA,NA,NA,NA,NA,NA,NA,NA,NA,NA,NA,NA,NA,3,1,3,11001,2,1,6,3,1,1,1,NA,0,11,2,3,NA,NA,NA,1,1,5,2,2,4,3,2,2,3,2,2,3,2,3,3,3,4,4,1,2,1,2,2,NA,3,1,3,9,6,0,7,705,1,1,3,1,3,2,66,2,3,2,NA,NA,2,1,2,NA
47812,3,2,NA,NA,NA,NA,NA,NA,NA,NA,NA,NA,NA,NA,NA,NA,NA,NA,NA,NA,NA,3,1,3,11001,2,1,6,3,1,1,1,NA,0,11,2,3,NA,NA,NA,1,1,5,2,2,4,3,2,2,3,2,2,3,2,3,3,3,4,4,1,2,1,2,2,NA,3,1,3,9,6,0,7,705,1,1,3,1,3,1,27,3,1,1,1,1,3,1,3,1
47860,3,1,2,2,NA,NA,NA,NA,NA,NA,10000,"diez mil pesos",NA,NA,NA,1,NA,NA,NA,NA,NA,2,1,2,11001,2,1,1,2,1,1,1,NA,1,11,2,2,NA,NA,NA,1,3,4,2,2,4,4,4,4,4,4,4,4,4,4,4,4,4,4,1,1,1,1,1,1,2,1,2,9,6,0,4,408,1,2,2,1,2,2,19,1,2,2,NA,NA,1,1,1,NA
47860,3,1,2,2,NA,NA,NA,NA,NA,NA,10000,"diez mil pesos",NA,NA,NA,1,NA,NA,NA,NA,NA,2,1,2,11001,2,1,1,2,1,1,1,NA,1,11,2,2,NA,NA,NA,1,3,4,2,2,4,4,4,4,4,4,4,4,4,4,4,4,4,4,1,1,1,1,1,1,2,1,2,9,6,0,4,408,1,2,2,1,2,1,18,7,2,2,1,1,2,1,2,1
47967,3,1,2,1,1,1,NA,NA,1,1,40000,"CUARENTA MIL PESOS",NA,NA,NA,1,NA,NA,NA,NA,NA,2,1,2,11001,2,1,2,4,1,1,1,NA,1,11,2,7,NA,NA,NA,1,1,3,1,1,4,4,4,4,4,1,1,1,3,3,4,4,4,4,1,2,1,2,2,NA,2,1,2,9,6,0,5,511,2,1,2,1,2,1,21,3,2,1,1,1,2,1,2,1
47967,3,1,2,1,1,1,NA,NA,1,1,40000,"CUARENTA MIL PESOS",NA,NA,NA,1,NA,NA,NA,NA,NA,2,1,2,11001,2,1,2,4,1,1,1,NA,1,11,2,7,NA,NA,NA,1,1,3,1,1,4,4,4,4,4,1,1,1,3,3,4,4,4,4,1,2,1,2,2,NA,2,1,2,9,6,0,5,511,2,1,2,1,2,1,22,3,2,1,NA,NA,3,1,3,NA
47967,3,1,2,1,1,1,NA,NA,1,1,40000,"CUARENTA MIL PESOS",NA,NA,NA,1,NA,NA,NA,NA,NA,2,1,2,11001,2,1,2,4,1,1,1,NA,1,11,2,7,NA,NA,NA,1,1,3,1,1,4,4,4,4,4,1,1,1,3,3,4,4,4,4,1,2,1,2,2,NA,2,1,2,9,6,0,5,511,2,1,2,1,2,1,24,3,2,1,NA,NA,4,1,4,NA
47967,3,1,2,1,1,1,NA,NA,1,1,40000,"CUARENTA MIL PESOS",NA,NA,NA,1,NA,NA,NA,NA,NA,2,1,2,11001,2,1,2,4,1,1,1,NA,1,11,2,7,NA,NA,NA,1,1,3,1,1,4,4,4,4,4,1,1,1,3,3,4,4,4,4,1,2,1,2,2,NA,2,1,2,9,6,0,5,511,2,1,2,1,2,2,47,1,2,2,NA,NA,1,1,1,NA
47968,3,2,NA,NA,NA,NA,NA,NA,NA,NA,NA,NA,NA,NA,NA,NA,NA,NA,NA,NA,NA,3,1,3,11001,2,1,3,3,1,1,1,NA,0,11,2,3,NA,NA,NA,1,1,4,2,2,4,3,4,4,4,3,3,3,4,4,4,4,4,4,1,1,1,1,1,1,3,1,3,9,6,0,7,703,1,2,3,1,3,2,40,1,2,2,NA,NA,1,1,1,NA
47968,3,2,NA,NA,NA,NA,NA,NA,NA,NA,NA,NA,NA,NA,NA,NA,NA,NA,NA,NA,NA,3,1,3,11001,2,1,3,3,1,1,1,NA,0,11,2,3,NA,NA,NA,1,1,4,2,2,4,3,4,4,4,3,3,3,4,4,4,4,4,4,1,1,1,1,1,1,3,1,3,9,6,0,7,703,1,2,3,1,3,1,25,3,2,1,NA,NA,2,1,2,NA
47968,3,2,NA,NA,NA,NA,NA,NA,NA,NA,NA,NA,NA,NA,NA,NA,NA,NA,NA,NA,NA,3,1,3,11001,2,1,3,3,1,1,1,NA,0,11,2,3,NA,NA,NA,1,1,4,2,2,4,3,4,4,4,3,3,3,4,4,4,4,4,4,1,1,1,1,1,1,3,1,3,9,6,0,7,703,1,2,3,1,3,2,23,3,2,1,1,1,3,1,3,1
48857,3,2,NA,NA,NA,NA,NA,NA,NA,NA,NA,NA,NA,NA,NA,NA,NA,NA,NA,NA,NA,1,1,1,11001,2,1,4,1,1,1,1,NA,0,11,1,1,12,4,40,1,1,4,1,2,4,4,3,3,4,3,3,4,4,4,4,4,4,4,2,NA,2,NA,2,NA,1,1,1,9,6,0,8,801,1,2,1,1,1,2,29,1,2,2,1,1,1,1,1,1
49777,3,2,NA,NA,NA,NA,NA,NA,NA,NA,NA,NA,NA,NA,NA,NA,NA,NA,NA,NA,NA,1,1,1,11001,2,1,4,1,1,1,1,NA,0,11,1,1,6,1,48,1,3,5,2,2,4,4,2,2,3,2,2,3,4,4,4,4,4,4,1,2,1,1,2,NA,1,1,1,9,6,0,7,705,1,1,1,1,1,1,23,1,2,2,1,1,1,1,1,1
49812,3,2,NA,NA,NA,NA,NA,NA,NA,NA,NA,NA,NA,NA,NA,NA,NA,NA,NA,NA,NA,3,1,3,11001,2,1,5,4,1,1,1,NA,0,11,2,4,NA,NA,NA,1,1,3,1,1,4,4,4,4,4,3,3,3,4,4,4,4,4,4,1,1,1,1,2,NA,3,1,3,9,6,0,7,705,1,2,3,1,3,2,65,2,2,2,NA,NA,2,1,2,NA
49812,3,2,NA,NA,NA,NA,NA,NA,NA,NA,NA,NA,NA,NA,NA,NA,NA,NA,NA,NA,NA,3,1,3,11001,2,1,5,4,1,1,1,NA,0,11,2,4,NA,NA,NA,1,1,3,1,1,4,4,4,4,4,3,3,3,4,4,4,4,4,4,1,1,1,1,2,NA,3,1,3,9,6,0,7,705,1,2,3,1,3,2,33,3,1,1,1,1,3,1,3,1
49812,3,2,NA,NA,NA,NA,NA,NA,NA,NA,NA,NA,NA,NA,NA,NA,NA,NA,NA,NA,NA,3,1,3,11001,2,1,5,4,1,1,1,NA,0,11,2,4,NA,NA,NA,1,1,3,1,1,4,4,4,4,4,3,3,3,4,4,4,4,4,4,1,1,1,1,2,NA,3,1,3,9,6,0,7,705,1,2,3,1,3,1,67,1,2,2,NA,NA,1,1,1,NA
49812,3,2,NA,NA,NA,NA,NA,NA,NA,NA,NA,NA,NA,NA,NA,NA,NA,NA,NA,NA,NA,3,1,3,11001,2,1,5,4,1,1,1,NA,0,11,2,4,NA,NA,NA,1,1,3,1,1,4,4,4,4,4,3,3,3,4,4,4,4,4,4,1,1,1,1,2,NA,3,1,3,9,6,0,7,705,1,2,3,1,3,1,31,3,1,1,NA,NA,4,1,4,NA
49851,3,2,NA,NA,NA,NA,NA,NA,NA,NA,NA,NA,NA,NA,NA,NA,NA,NA,NA,NA,NA,3,1,3,11001,1,1,2,5,1,1,1,NA,0,11,1,1,9,1,40,1,1,4,1,2,4,4,4,3,4,3,3,4,4,4,4,4,4,4,1,1,1,1,1,1,3,1,3,9,6,2,7,704,2,1,3,1,3,1,51,2,2,2,NA,NA,2,1,2,NA
49851,3,2,NA,NA,NA,NA,NA,NA,NA,NA,NA,NA,NA,NA,NA,NA,NA,NA,NA,NA,NA,3,1,3,11001,1,1,2,5,1,1,1,NA,0,11,1,1,9,1,40,1,1,4,1,2,4,4,4,3,4,3,3,4,4,4,4,4,4,4,1,1,1,1,1,1,3,1,3,9,6,2,7,704,2,1,3,1,3,2,24,3,2,1,NA,NA,4,1,4,NA
49851,3,2,NA,NA,NA,NA,NA,NA,NA,NA,NA,NA,NA,NA,NA,NA,NA,NA,NA,NA,NA,3,1,3,11001,1,1,2,5,1,1,1,NA,0,11,1,1,9,1,40,1,1,4,1,2,4,4,4,3,4,3,3,4,4,4,4,4,4,4,1,1,1,1,1,1,3,1,3,9,6,2,7,704,2,1,3,1,3,1,3,5,2,1,NA,NA,5,1,5,NA
49851,3,2,NA,NA,NA,NA,NA,NA,NA,NA,NA,NA,NA,NA,NA,NA,NA,NA,NA,NA,NA,3,1,3,11001,1,1,2,5,1,1,1,NA,0,11,1,1,9,1,40,1,1,4,1,2,4,4,4,3,4,3,3,4,4,4,4,4,4,4,1,1,1,1,1,1,3,1,3,9,6,2,7,704,2,1,3,1,3,2,50,1,2,2,NA,NA,1,1,1,NA
49851,3,2,NA,NA,NA,NA,NA,NA,NA,NA,NA,NA,NA,NA,NA,NA,NA,NA,NA,NA,NA,3,1,3,11001,1,1,2,5,1,1,1,NA,0,11,1,1,9,1,40,1,1,4,1,2,4,4,4,3,4,3,3,4,4,4,4,4,4,4,1,1,1,1,1,1,3,1,3,9,6,2,7,704,2,1,3,1,3,1,25,3,2,1,1,1,3,1,3,1
49915,3,2,NA,NA,NA,NA,NA,NA,NA,NA,NA,NA,NA,NA,NA,NA,NA,NA,NA,NA,NA,3,1,3,11001,2,1,4,3,1,1,1,NA,1,11,1,1,12,4,50,1,1,5,2,2,4,4,3,3,4,3,3,4,4,4,4,4,4,4,2,NA,1,2,2,NA,3,1,3,9,6,0,5,511,1,1,3,1,3,1,33,10,2,2,NA,NA,2,1,2,NA
49915,3,2,NA,NA,NA,NA,NA,NA,NA,NA,NA,NA,NA,NA,NA,NA,NA,NA,NA,NA,NA,3,1,3,11001,2,1,4,3,1,1,1,NA,1,11,1,1,12,4,50,1,1,5,2,2,4,4,3,3,4,3,3,4,4,4,4,4,4,4,2,NA,1,2,2,NA,3,1,3,9,6,0,5,511,1,1,3,1,3,1,35,1,2,2,NA,NA,1,1,1,NA
49915,3,2,NA,NA,NA,NA,NA,NA,NA,NA,NA,NA,NA,NA,NA,NA,NA,NA,NA,NA,NA,3,1,3,11001,2,1,4,3,1,1,1,NA,1,11,1,1,12,4,50,1,1,5,2,2,4,4,3,3,4,3,3,4,4,4,4,4,4,4,2,NA,1,2,2,NA,3,1,3,9,6,0,5,511,1,1,3,1,3,1,32,10,2,2,1,1,3,1,3,1
49980,3,1,1,2,NA,NA,NA,NA,NA,NA,8000,"CERO",NA,NA,NA,1,NA,NA,NA,NA,NA,1,1,1,11001,2,1,3,2,1,1,1,NA,1,11,1,1,3,1,48,1,1,4,2,2,4,4,2,4,4,1,1,3,3,4,4,4,4,4,2,NA,2,NA,2,NA,1,1,1,9,6,0,7,705,1,1,1,1,1,1,31,1,2,2,1,1,1,1,1,1
49980,3,1,1,2,NA,NA,NA,NA,NA,NA,8000,"CERO",NA,NA,NA,1,NA,NA,NA,NA,NA,1,1,1,11001,2,1,3,2,1,1,1,NA,1,11,1,1,3,1,48,1,1,4,2,2,4,4,2,4,4,1,1,3,3,4,4,4,4,4,2,NA,2,NA,2,NA,1,1,1,9,6,0,7,705,1,1,1,1,1,2,27,10,3,3,NA,NA,2,1,2,NA
50197,3,1,1,2,NA,NA,NA,NA,NA,NA,10000,"DIEZ MIL",NA,NA,NA,NA,1,NA,NA,NA,NA,1,1,1,11001,2,1,5,2,1,1,1,NA,0,11,1,1,12,1,40,1,1,4,2,2,4,3,3,3,4,1,1,2,2,3,4,4,4,4,2,NA,2,NA,2,NA,1,1,1,9,6,0,7,705,1,1,1,1,1,1,27,10,2,2,NA,NA,2,1,2,NA
50197,3,1,1,2,NA,NA,NA,NA,NA,NA,10000,"DIEZ MIL",NA,NA,NA,NA,1,NA,NA,NA,NA,1,1,1,11001,2,1,5,2,1,1,1,NA,0,11,1,1,12,1,40,1,1,4,2,2,4,3,3,3,4,1,1,2,2,3,4,4,4,4,2,NA,2,NA,2,NA,1,1,1,9,6,0,7,705,1,1,1,1,1,1,28,1,2,2,1,1,1,1,1,1
50234,3,2,NA,NA,NA,NA,NA,NA,NA,NA,NA,NA,NA,NA,NA,NA,NA,NA,NA,NA,NA,1,1,1,11001,2,1,3,4,1,1,1,NA,0,11,1,1,12,1,50,1,1,4,2,2,4,4,4,4,4,2,3,4,4,4,4,4,4,4,2,NA,1,2,1,2,1,1,1,5,2,0,7,705,1,1,1,1,1,2,33,2,2,2,NA,NA,2,1,2,NA
50234,3,2,NA,NA,NA,NA,NA,NA,NA,NA,NA,NA,NA,NA,NA,NA,NA,NA,NA,NA,NA,1,1,1,11001,2,1,3,4,1,1,1,NA,0,11,1,1,12,1,50,1,1,4,2,2,4,4,4,4,4,2,3,4,4,4,4,4,4,4,2,NA,1,2,1,2,1,1,1,5,2,0,7,705,1,1,1,1,1,1,38,1,1,3,1,1,1,1,1,1
50234,3,2,NA,NA,NA,NA,NA,NA,NA,NA,NA,NA,NA,NA,NA,NA,NA,NA,NA,NA,NA,1,1,1,11001,2,1,3,4,1,1,1,NA,0,11,1,1,12,1,50,1,1,4,2,2,4,4,4,4,4,2,3,4,4,4,4,4,4,4,2,NA,1,2,1,2,1,1,1,5,2,0,7,705,1,1,1,1,1,1,37,7,1,3,NA,NA,4,1,4,NA
50234,3,2,NA,NA,NA,NA,NA,NA,NA,NA,NA,NA,NA,NA,NA,NA,NA,NA,NA,NA,NA,1,1,1,11001,2,1,3,4,1,1,1,NA,0,11,1,1,12,1,50,1,1,4,2,2,4,4,4,4,4,2,3,4,4,4,4,4,4,4,2,NA,1,2,1,2,1,1,1,5,2,0,7,705,1,1,1,1,1,1,60,6,3,3,NA,NA,3,1,3,NA
50396,3,1,1,2,NA,NA,NA,NA,NA,NA,8000,"OCHO MIL PESOS",NA,NA,NA,NA,1,NA,NA,NA,NA,1,1,1,11001,2,1,4,3,1,1,1,NA,0,11,1,1,12,1,48,1,1,4,2,2,3,3,3,3,4,3,4,4,4,4,4,4,4,4,1,2,2,NA,2,NA,1,1,1,9,5,0,8,801,1,2,1,1,1,2,31,1,2,2,1,1,1,1,1,1
50396,3,1,1,2,NA,NA,NA,NA,NA,NA,8000,"OCHO MIL PESOS",NA,NA,NA,NA,1,NA,NA,NA,NA,1,1,1,11001,2,1,4,3,1,1,1,NA,0,11,1,1,12,1,48,1,1,4,2,2,3,3,3,3,4,3,4,4,4,4,4,4,4,4,1,2,2,NA,2,NA,1,1,1,9,5,0,8,801,1,2,1,1,1,1,19,8,2,2,NA,NA,3,1,3,NA
50396,3,1,1,2,NA,NA,NA,NA,NA,NA,8000,"OCHO MIL PESOS",NA,NA,NA,NA,1,NA,NA,NA,NA,1,1,1,11001,2,1,4,3,1,1,1,NA,0,11,1,1,12,1,48,1,1,4,2,2,3,3,3,3,4,3,4,4,4,4,4,4,4,4,1,2,2,NA,2,NA,1,1,1,9,5,0,8,801,1,2,1,1,1,2,17,7,2,2,NA,NA,2,1,2,NA
50590,3,2,NA,NA,NA,NA,NA,NA,NA,NA,NA,NA,NA,NA,NA,NA,NA,NA,NA,NA,NA,2,1,2,11001,1,1,3,3,1,1,1,NA,1,11,1,1,12,4,48,1,1,5,2,2,4,4,4,4,4,2,2,2,4,3,4,4,4,4,2,NA,2,NA,2,NA,2,1,2,9,2,1,7,706,1,2,2,1,2,2,40,2,2,2,1,1,2,1,2,1
50590,3,2,NA,NA,NA,NA,NA,NA,NA,NA,NA,NA,NA,NA,NA,NA,NA,NA,NA,NA,NA,2,1,2,11001,1,1,3,3,1,1,1,NA,1,11,1,1,12,4,48,1,1,5,2,2,4,4,4,4,4,2,2,2,4,3,4,4,4,4,2,NA,2,NA,2,NA,2,1,2,9,2,1,7,706,1,2,2,1,2,1,44,1,2,2,NA,NA,1,1,1,NA
50590,3,2,NA,NA,NA,NA,NA,NA,NA,NA,NA,NA,NA,NA,NA,NA,NA,NA,NA,NA,NA,2,1,2,11001,1,1,3,3,1,1,1,NA,1,11,1,1,12,4,48,1,1,5,2,2,4,4,4,4,4,2,2,2,4,3,4,4,4,4,2,NA,2,NA,2,NA,2,1,2,9,2,1,7,706,1,2,2,1,2,1,4,3,1,1,NA,NA,3,1,3,NA
51130,2,1,2,2,NA,NA,NA,NA,NA,NA,35000,"TREINTA Y CINCO MIL PESOS",NA,NA,NA,1,NA,NA,NA,NA,NA,3,1,3,11001,2,1,4,5,1,1,1,NA,0,11,1,1,6,4,84,2,NA,5,2,2,4,4,4,4,4,2,2,2,4,3,4,4,4,4,1,2,1,2,1,2,3,1,3,9,6,0,7,703,1,1,3,1,3,1,16,3,1,1,NA,NA,4,1,4,NA
51130,2,1,2,2,NA,NA,NA,NA,NA,NA,35000,"TREINTA Y CINCO MIL PESOS",NA,NA,NA,1,NA,NA,NA,NA,NA,3,1,3,11001,2,1,4,5,1,1,1,NA,0,11,1,1,6,4,84,2,NA,5,2,2,4,4,4,4,4,2,2,2,4,3,4,4,4,4,1,2,1,2,1,2,3,1,3,9,6,0,7,703,1,1,3,1,3,1,14,3,1,1,NA,NA,5,1,5,NA
51130,2,1,2,2,NA,NA,NA,NA,NA,NA,35000,"TREINTA Y CINCO MIL PESOS",NA,NA,NA,1,NA,NA,NA,NA,NA,3,1,3,11001,2,1,4,5,1,1,1,NA,0,11,1,1,6,4,84,2,NA,5,2,2,4,4,4,4,4,2,2,2,4,3,4,4,4,4,1,2,1,2,1,2,3,1,3,9,6,0,7,703,1,1,3,1,3,2,44,2,2,2,NA,NA,2,1,2,NA
51130,2,1,2,2,NA,NA,NA,NA,NA,NA,35000,"TREINTA Y CINCO MIL PESOS",NA,NA,NA,1,NA,NA,NA,NA,NA,3,1,3,11001,2,1,4,5,1,1,1,NA,0,11,1,1,6,4,84,2,NA,5,2,2,4,4,4,4,4,2,2,2,4,3,4,4,4,4,1,2,1,2,1,2,3,1,3,9,6,0,7,703,1,1,3,1,3,1,20,3,1,1,1,1,3,1,3,1
51130,2,1,2,2,NA,NA,NA,NA,NA,NA,35000,"TREINTA Y CINCO MIL PESOS",NA,NA,NA,1,NA,NA,NA,NA,NA,3,1,3,11001,2,1,4,5,1,1,1,NA,0,11,1,1,6,4,84,2,NA,5,2,2,4,4,4,4,4,2,2,2,4,3,4,4,4,4,1,2,1,2,1,2,3,1,3,9,6,0,7,703,1,1,3,1,3,1,54,1,3,3,NA,NA,1,1,1,NA
53707,2,1,1,2,NA,NA,NA,NA,NA,NA,10000,"DIEZ MIL",NA,NA,NA,1,NA,NA,NA,NA,NA,1,1,1,11001,2,1,6,1,1,1,1,NA,1,11,1,1,12,5,50,1,1,4,2,2,4,3,4,4,4,3,2,3,4,4,4,4,4,4,1,1,2,NA,2,NA,1,1,1,9,5,1,7,705,1,1,1,1,1,1,48,1,2,2,1,1,1,1,1,1
53784,2,1,2,2,NA,NA,NA,NA,NA,NA,35000,"TREINTA Y CINCO MIL",NA,NA,NA,NA,NA,NA,NA,NA,1,1,1,1,11001,2,1,4,1,1,1,1,NA,1,11,1,3,NA,NA,NA,1,1,4,1,1,4,4,4,4,4,2,2,3,4,4,4,5,5,5,2,NA,2,NA,2,NA,1,1,1,9,6,0,5,511,1,2,1,1,1,2,20,1,2,2,1,1,1,1,1,1
53845,1,1,1,1,1,1,NA,NA,1,1,8000,"OCHO MIL PESOS",NA,NA,NA,1,NA,NA,NA,NA,NA,1,1,1,11001,2,1,5,1,1,1,1,NA,1,11,1,3,NA,NA,NA,2,NA,5,2,2,4,4,4,4,4,3,4,4,4,4,4,4,4,4,1,2,2,NA,2,NA,1,1,1,9,6,0,8,802,3,2,1,1,1,2,24,1,2,2,1,1,1,1,1,1
53873,2,1,2,2,NA,NA,NA,NA,NA,NA,15000,"QUINCE MIL PESOS",NA,NA,NA,1,NA,NA,NA,NA,NA,5,1,5,11001,1,1,4,5,1,1,1,NA,1,11,2,3,NA,NA,NA,1,1,5,2,2,4,4,3,4,4,2,3,3,4,4,4,4,4,4,1,2,1,2,1,1,5,1,5,9,6,0,7,702,1,1,5,1,5,2,58,2,2,2,NA,NA,2,1,2,NA
53873,2,1,2,2,NA,NA,NA,NA,NA,NA,15000,"QUINCE MIL PESOS",NA,NA,NA,1,NA,NA,NA,NA,NA,5,1,5,11001,1,1,4,5,1,1,1,NA,1,11,2,3,NA,NA,NA,1,1,5,2,2,4,4,3,4,4,2,3,3,4,4,4,4,4,4,1,2,1,2,1,1,5,1,5,9,6,0,7,702,1,1,5,1,5,2,23,3,1,1,NA,NA,4,1,4,NA
53873,2,1,2,2,NA,NA,NA,NA,NA,NA,15000,"QUINCE MIL PESOS",NA,NA,NA,1,NA,NA,NA,NA,NA,5,1,5,11001,1,1,4,5,1,1,1,NA,1,11,2,3,NA,NA,NA,1,1,5,2,2,4,4,3,4,4,2,3,3,4,4,4,4,4,4,1,2,1,2,1,1,5,1,5,9,6,0,7,702,1,1,5,1,5,1,19,3,1,1,1,1,5,1,5,1
53873,2,1,2,2,NA,NA,NA,NA,NA,NA,15000,"QUINCE MIL PESOS",NA,NA,NA,1,NA,NA,NA,NA,NA,5,1,5,11001,1,1,4,5,1,1,1,NA,1,11,2,3,NA,NA,NA,1,1,5,2,2,4,4,3,4,4,2,3,3,4,4,4,4,4,4,1,2,1,2,1,1,5,1,5,9,6,0,7,702,1,1,5,1,5,2,21,3,1,1,NA,NA,3,1,3,NA
53873,2,1,2,2,NA,NA,NA,NA,NA,NA,15000,"QUINCE MIL PESOS",NA,NA,NA,1,NA,NA,NA,NA,NA,5,1,5,11001,1,1,4,5,1,1,1,NA,1,11,2,3,NA,NA,NA,1,1,5,2,2,4,4,3,4,4,2,3,3,4,4,4,4,4,4,1,2,1,2,1,1,5,1,5,9,6,0,7,702,1,1,5,1,5,1,64,1,2,2,NA,NA,1,1,1,NA
53938,2,1,2,2,NA,NA,NA,NA,NA,NA,35000,"TREINTA Y CINCO MIL PESOS",NA,NA,NA,NA,NA,NA,1,NA,NA,1,1,1,11001,2,1,4,1,1,1,1,NA,1,11,2,3,NA,NA,NA,1,1,4,1,2,4,3,4,4,4,2,3,4,3,4,4,4,4,4,1,2,1,2,1,1,1,1,1,9,6,0,5,511,1,2,1,1,1,2,19,1,2,2,1,1,1,1,1,1
54146,3,2,NA,NA,NA,NA,NA,NA,NA,NA,NA,NA,NA,NA,NA,NA,NA,NA,NA,NA,NA,4,1,4,11001,2,1,2,4,1,1,1,NA,0,11,2,4,NA,NA,NA,2,NA,4,1,2,4,2,4,4,4,3,3,3,4,4,4,4,4,4,1,2,1,1,2,NA,4,1,4,9,2,2,6,603,1,2,4,1,4,1,20,3,3,1,NA,NA,3,1,3,NA
54146,3,2,NA,NA,NA,NA,NA,NA,NA,NA,NA,NA,NA,NA,NA,NA,NA,NA,NA,NA,NA,4,1,4,11001,2,1,2,4,1,1,1,NA,0,11,2,4,NA,NA,NA,2,NA,4,1,2,4,2,4,4,4,3,3,3,4,4,4,4,4,4,1,2,1,1,2,NA,4,1,4,9,2,2,6,603,1,2,4,1,4,2,40,1,3,2,NA,NA,1,1,1,NA
54146,3,2,NA,NA,NA,NA,NA,NA,NA,NA,NA,NA,NA,NA,NA,NA,NA,NA,NA,NA,NA,4,1,4,11001,2,1,2,4,1,1,1,NA,0,11,2,4,NA,NA,NA,2,NA,4,1,2,4,2,4,4,4,3,3,3,4,4,4,4,4,4,1,2,1,1,2,NA,4,1,4,9,2,2,6,603,1,2,4,1,4,2,18,3,2,1,NA,NA,2,1,2,NA
54146,3,2,NA,NA,NA,NA,NA,NA,NA,NA,NA,NA,NA,NA,NA,NA,NA,NA,NA,NA,NA,4,1,4,11001,2,1,2,4,1,1,1,NA,0,11,2,4,NA,NA,NA,2,NA,4,1,2,4,2,4,4,4,3,3,3,4,4,4,4,4,4,1,2,1,1,2,NA,4,1,4,9,2,2,6,603,1,2,4,1,4,2,29,4,3,2,1,1,4,1,4,1
54306,3,1,2,2,NA,NA,NA,NA,NA,NA,8000,"OCHO MIL PESOS",NA,NA,NA,1,NA,NA,NA,NA,NA,1,1,1,11001,2,1,5,1,1,1,1,NA,1,11,2,3,NA,NA,NA,1,1,5,1,1,4,4,4,3,4,1,1,1,4,4,4,4,4,4,1,1,1,1,2,NA,1,1,1,9,6,0,7,705,3,1,1,1,1,1,27,1,2,2,1,1,1,1,1,1
54333,3,2,NA,NA,NA,NA,NA,NA,NA,NA,NA,NA,NA,NA,NA,NA,NA,NA,NA,NA,NA,3,1,3,11001,2,1,4,3,1,1,1,NA,1,11,1,1,5,1,48,1,1,4,2,2,4,4,4,3,4,3,3,4,4,4,4,4,4,4,1,1,1,1,2,NA,3,1,3,9,2,0,7,705,1,1,3,1,3,1,26,4,2,2,1,1,3,1,3,1
54333,3,2,NA,NA,NA,NA,NA,NA,NA,NA,NA,NA,NA,NA,NA,NA,NA,NA,NA,NA,NA,3,1,3,11001,2,1,4,3,1,1,1,NA,1,11,1,1,5,1,48,1,1,4,2,2,4,4,4,3,4,3,3,4,4,4,4,4,4,4,1,1,1,1,2,NA,3,1,3,9,2,0,7,705,1,1,3,1,3,2,26,3,2,1,NA,NA,2,1,2,NA
54333,3,2,NA,NA,NA,NA,NA,NA,NA,NA,NA,NA,NA,NA,NA,NA,NA,NA,NA,NA,NA,3,1,3,11001,2,1,4,3,1,1,1,NA,1,11,1,1,5,1,48,1,1,4,2,2,4,4,4,3,4,3,3,4,4,4,4,4,4,4,1,1,1,1,2,NA,3,1,3,9,2,0,7,705,1,1,3,1,3,2,66,1,3,3,NA,NA,1,1,1,NA
54823,3,2,NA,NA,NA,NA,NA,NA,NA,NA,NA,NA,NA,NA,NA,NA,NA,NA,NA,NA,NA,1,1,1,11001,1,1,2,1,1,1,1,NA,1,11,1,1,6,1,48,1,3,4,2,2,4,4,3,4,4,3,3,4,4,4,4,4,4,4,1,1,1,1,1,1,1,1,1,9,6,0,7,704,2,2,1,1,1,2,25,1,2,2,1,1,1,1,1,1
54938,3,1,2,1,6,NA,1,NA,NA,1,8000,"OCHO MIL PESOS",NA,NA,NA,1,NA,NA,NA,NA,NA,3,1,3,11001,1,1,3,3,1,1,1,NA,1,11,2,3,NA,NA,NA,1,1,1,1,1,3,3,5,5,5,1,1,2,4,4,4,4,4,4,1,1,1,1,1,1,3,1,3,9,6,0,5,511,1,1,3,1,3,1,19,3,3,1,1,1,3,1,3,1
54938,3,1,2,1,6,NA,1,NA,NA,1,8000,"OCHO MIL PESOS",NA,NA,NA,1,NA,NA,NA,NA,NA,3,1,3,11001,1,1,3,3,1,1,1,NA,1,11,2,3,NA,NA,NA,1,1,1,1,1,3,3,5,5,5,1,1,2,4,4,4,4,4,4,1,1,1,1,1,1,3,1,3,9,6,0,5,511,1,1,3,1,3,2,20,3,3,1,NA,NA,2,1,2,NA
54938,3,1,2,1,6,NA,1,NA,NA,1,8000,"OCHO MIL PESOS",NA,NA,NA,1,NA,NA,NA,NA,NA,3,1,3,11001,1,1,3,3,1,1,1,NA,1,11,2,3,NA,NA,NA,1,1,1,1,1,3,3,5,5,5,1,1,2,4,4,4,4,4,4,1,1,1,1,1,1,3,1,3,9,6,0,5,511,1,1,3,1,3,2,45,1,3,3,NA,NA,1,1,1,NA
54979,3,2,NA,NA,NA,NA,NA,NA,NA,NA,NA,NA,NA,NA,NA,NA,NA,NA,NA,NA,NA,1,1,1,11001,2,1,5,2,1,1,1,NA,1,11,1,6,NA,NA,NA,1,1,4,1,1,4,4,4,4,4,4,4,4,4,4,4,4,4,4,2,NA,2,NA,2,NA,1,1,1,9,3,0,7,704,1,1,1,1,1,2,45,2,2,2,NA,NA,2,1,2,NA
54979,3,2,NA,NA,NA,NA,NA,NA,NA,NA,NA,NA,NA,NA,NA,NA,NA,NA,NA,NA,NA,1,1,1,11001,2,1,5,2,1,1,1,NA,1,11,1,6,NA,NA,NA,1,1,4,1,1,4,4,4,4,4,4,4,4,4,4,4,4,4,4,2,NA,2,NA,2,NA,1,1,1,9,3,0,7,704,1,1,1,1,1,1,45,1,2,2,1,1,1,1,1,1
55278,3,2,NA,NA,NA,NA,NA,NA,NA,NA,NA,NA,NA,NA,NA,NA,NA,NA,NA,NA,NA,3,1,3,11001,2,2,NA,4,1,1,1,NA,1,11,2,3,NA,NA,NA,1,1,5,2,2,3,3,4,4,4,1,1,1,4,4,4,4,4,4,1,1,1,1,1,1,3,1,3,9,6,0,7,708,1,1,3,1,3,2,41,2,2,2,NA,NA,2,1,2,NA
55278,3,2,NA,NA,NA,NA,NA,NA,NA,NA,NA,NA,NA,NA,NA,NA,NA,NA,NA,NA,NA,3,1,3,11001,2,2,NA,4,1,1,1,NA,1,11,2,3,NA,NA,NA,1,1,5,2,2,3,3,4,4,4,1,1,1,4,4,4,4,4,4,1,1,1,1,1,1,3,1,3,9,6,0,7,708,1,1,3,1,3,1,49,1,2,2,NA,NA,1,1,1,NA
55278,3,2,NA,NA,NA,NA,NA,NA,NA,NA,NA,NA,NA,NA,NA,NA,NA,NA,NA,NA,NA,3,1,3,11001,2,2,NA,4,1,1,1,NA,1,11,2,3,NA,NA,NA,1,1,5,2,2,3,3,4,4,4,1,1,1,4,4,4,4,4,4,1,1,1,1,1,1,3,1,3,9,6,0,7,708,1,1,3,1,3,1,22,3,1,1,1,1,3,1,3,1
55278,3,2,NA,NA,NA,NA,NA,NA,NA,NA,NA,NA,NA,NA,NA,NA,NA,NA,NA,NA,NA,3,1,3,11001,2,2,NA,4,1,1,1,NA,1,11,2,3,NA,NA,NA,1,1,5,2,2,3,3,4,4,4,1,1,1,4,4,4,4,4,4,1,1,1,1,1,1,3,1,3,9,6,0,7,708,1,1,3,1,3,2,12,3,1,1,NA,NA,4,1,4,NA
55557,3,2,NA,NA,NA,NA,NA,NA,NA,NA,NA,NA,NA,NA,NA,NA,NA,NA,NA,NA,NA,1,1,1,11001,2,1,3,1,1,1,1,NA,1,11,1,1,10,1,70,1,1,4,2,2,4,4,3,3,4,3,3,4,3,3,4,4,4,4,1,2,2,NA,2,NA,1,1,1,9,6,0,7,705,3,1,1,1,1,1,30,1,2,2,1,1,1,1,1,1
55559,3,2,NA,NA,NA,NA,NA,NA,NA,NA,NA,NA,NA,NA,NA,NA,NA,NA,NA,NA,NA,4,1,4,11001,2,1,1,4,1,1,1,NA,1,11,2,2,NA,NA,NA,1,3,4,2,2,1,3,4,4,4,4,4,4,4,4,4,4,4,4,1,1,1,1,1,1,4,1,4,9,6,0,5,511,1,1,4,1,4,1,38,10,2,2,1,1,4,1,4,1
55559,3,2,NA,NA,NA,NA,NA,NA,NA,NA,NA,NA,NA,NA,NA,NA,NA,NA,NA,NA,NA,4,1,4,11001,2,1,1,4,1,1,1,NA,1,11,2,2,NA,NA,NA,1,3,4,2,2,1,3,4,4,4,4,4,4,4,4,4,4,4,4,1,1,1,1,1,1,4,1,4,9,6,0,5,511,1,1,4,1,4,1,52,1,2,2,NA,NA,1,1,1,NA
55559,3,2,NA,NA,NA,NA,NA,NA,NA,NA,NA,NA,NA,NA,NA,NA,NA,NA,NA,NA,NA,4,1,4,11001,2,1,1,4,1,1,1,NA,1,11,2,2,NA,NA,NA,1,3,4,2,2,1,3,4,4,4,4,4,4,4,4,4,4,4,4,1,1,1,1,1,1,4,1,4,9,6,0,5,511,1,1,4,1,4,1,22,8,2,2,NA,NA,2,1,2,NA
55559,3,2,NA,NA,NA,NA,NA,NA,NA,NA,NA,NA,NA,NA,NA,NA,NA,NA,NA,NA,NA,4,1,4,11001,2,1,1,4,1,1,1,NA,1,11,2,2,NA,NA,NA,1,3,4,2,2,1,3,4,4,4,4,4,4,4,4,4,4,4,4,1,1,1,1,1,1,4,1,4,9,6,0,5,511,1,1,4,1,4,1,50,10,2,2,NA,NA,3,1,3,NA
55727,3,2,NA,NA,NA,NA,NA,NA,NA,NA,NA,NA,NA,NA,NA,NA,NA,NA,NA,NA,NA,1,1,1,11001,2,1,6,2,1,1,1,NA,1,11,1,1,8,1,60,1,1,4,2,2,4,3,4,4,4,3,3,3,3,3,4,4,4,4,2,NA,2,NA,2,NA,1,1,1,9,3,0,8,801,1,2,1,1,1,1,32,2,2,2,NA,NA,2,1,2,NA
55727,3,2,NA,NA,NA,NA,NA,NA,NA,NA,NA,NA,NA,NA,NA,NA,NA,NA,NA,NA,NA,1,1,1,11001,2,1,6,2,1,1,1,NA,1,11,1,1,8,1,60,1,1,4,2,2,4,3,4,4,4,3,3,3,3,3,4,4,4,4,2,NA,2,NA,2,NA,1,1,1,9,3,0,8,801,1,2,1,1,1,2,31,1,2,2,1,1,1,1,1,1
55834,3,2,NA,NA,NA,NA,NA,NA,NA,NA,NA,NA,NA,NA,NA,NA,NA,NA,NA,NA,NA,1,1,1,11001,2,1,4,2,1,1,1,NA,1,11,1,1,11,2,50,1,1,3,1,1,4,4,3,2,4,2,2,4,4,4,4,4,4,4,1,2,1,1,2,NA,1,1,1,9,1,0,7,705,1,1,1,1,1,2,26,2,2,2,NA,NA,2,1,2,NA
55834,3,2,NA,NA,NA,NA,NA,NA,NA,NA,NA,NA,NA,NA,NA,NA,NA,NA,NA,NA,NA,1,1,1,11001,2,1,4,2,1,1,1,NA,1,11,1,1,11,2,50,1,1,3,1,1,4,4,3,2,4,2,2,4,4,4,4,4,4,4,1,2,1,1,2,NA,1,1,1,9,1,0,7,705,1,1,1,1,1,1,28,1,3,2,1,1,1,1,1,1
56283,3,1,2,2,NA,NA,NA,NA,NA,NA,20000,"VEINTE MIL PESOS",NA,NA,1,NA,NA,NA,NA,NA,NA,2,1,2,11001,2,1,3,2,1,1,1,NA,1,11,1,7,NA,NA,NA,1,1,5,2,2,4,3,2,2,4,1,1,1,1,2,4,4,4,4,1,2,1,2,1,2,2,1,2,9,6,0,6,602,1,1,2,1,2,2,64,1,3,3,NA,NA,1,1,1,NA
56283,3,1,2,2,NA,NA,NA,NA,NA,NA,20000,"VEINTE MIL PESOS",NA,NA,1,NA,NA,NA,NA,NA,NA,2,1,2,11001,2,1,3,2,1,1,1,NA,1,11,1,7,NA,NA,NA,1,1,5,2,2,4,3,2,2,4,1,1,1,1,2,4,4,4,4,1,2,1,2,1,2,2,1,2,9,6,0,6,602,1,1,2,1,2,1,23,3,2,1,1,1,2,1,2,1
56382,3,1,2,2,NA,NA,NA,NA,NA,NA,8000,"OCHO MIL PESOS",NA,NA,NA,1,NA,NA,NA,NA,NA,1,1,1,11001,2,1,4,1,1,1,1,NA,1,11,1,1,12,4,40,1,1,3,1,1,4,4,4,4,4,1,1,1,4,4,4,4,4,4,1,1,1,1,1,1,1,1,1,9,6,0,7,705,1,1,1,1,1,1,32,1,2,2,1,1,1,1,1,1
56600,3,1,1,2,NA,NA,NA,NA,NA,NA,10000,"DIES MIL PESOS",NA,NA,NA,1,NA,NA,NA,NA,NA,1,1,1,11001,2,1,4,1,1,1,1,NA,1,11,1,1,9,5,48,1,1,4,1,1,4,4,4,4,4,3,3,4,4,4,4,4,4,4,1,1,1,1,2,NA,1,1,1,9,5,1,8,802,1,2,1,1,1,2,47,1,2,2,1,1,1,1,1,1
56649,3,2,NA,NA,NA,NA,NA,NA,NA,NA,NA,NA,NA,NA,NA,NA,NA,NA,NA,NA,NA,2,1,2,11001,1,2,NA,3,1,1,1,NA,1,11,2,2,NA,NA,NA,1,3,4,2,2,3,4,5,5,4,1,1,3,3,4,4,4,4,4,1,1,1,1,1,1,2,1,2,1,5,0,5,511,1,1,2,1,2,1,25,3,1,2,NA,NA,3,1,3,NA
56649,3,2,NA,NA,NA,NA,NA,NA,NA,NA,NA,NA,NA,NA,NA,NA,NA,NA,NA,NA,NA,2,1,2,11001,1,2,NA,3,1,1,1,NA,1,11,2,2,NA,NA,NA,1,3,4,2,2,3,4,5,5,4,1,1,3,3,4,4,4,4,4,1,1,1,1,1,1,2,1,2,1,5,0,5,511,1,1,2,1,2,1,28,3,1,2,1,1,2,1,2,1
56649,3,2,NA,NA,NA,NA,NA,NA,NA,NA,NA,NA,NA,NA,NA,NA,NA,NA,NA,NA,NA,2,1,2,11001,1,2,NA,3,1,1,1,NA,1,11,2,2,NA,NA,NA,1,3,4,2,2,3,4,5,5,4,1,1,3,3,4,4,4,4,4,1,1,1,1,1,1,2,1,2,1,5,0,5,511,1,1,2,1,2,1,66,1,3,3,NA,NA,1,1,1,NA
56736,3,1,1,2,NA,NA,NA,NA,NA,NA,8000,"OCHO MIL PESOS",NA,NA,NA,1,NA,NA,NA,NA,NA,2,1,2,11001,2,1,6,3,1,1,1,NA,1,11,1,1,9,1,50,1,1,4,2,2,4,4,4,4,4,3,3,4,3,3,4,4,4,4,1,2,1,2,2,NA,2,1,2,9,1,0,7,705,1,2,2,1,2,2,71,6,3,3,NA,NA,3,1,3,NA
56736,3,1,1,2,NA,NA,NA,NA,NA,NA,8000,"OCHO MIL PESOS",NA,NA,NA,1,NA,NA,NA,NA,NA,2,1,2,11001,2,1,6,3,1,1,1,NA,1,11,1,1,9,1,50,1,1,4,2,2,4,4,4,4,4,3,3,4,3,3,4,4,4,4,1,2,1,2,2,NA,2,1,2,9,1,0,7,705,1,2,2,1,2,1,52,1,3,2,NA,NA,1,1,1,NA
56736,3,1,1,2,NA,NA,NA,NA,NA,NA,8000,"OCHO MIL PESOS",NA,NA,NA,1,NA,NA,NA,NA,NA,2,1,2,11001,2,1,6,3,1,1,1,NA,1,11,1,1,9,1,50,1,1,4,2,2,4,4,4,4,4,3,3,4,3,3,4,4,4,4,1,2,1,2,2,NA,2,1,2,9,1,0,7,705,1,2,2,1,2,2,45,2,3,1,1,1,2,1,2,1
56802,3,1,2,2,NA,NA,NA,NA,NA,NA,30000,"TREINTA MIL",NA,NA,NA,NA,1,NA,NA,NA,NA,3,1,3,11001,2,1,3,3,1,1,1,NA,1,11,1,3,NA,NA,NA,1,1,5,2,2,3,3,4,3,4,1,1,3,2,2,4,3,4,4,2,NA,1,2,1,2,3,1,3,9,6,0,7,708,1,1,3,1,3,1,27,3,1,1,1,1,3,1,3,1
56802,3,1,2,2,NA,NA,NA,NA,NA,NA,30000,"TREINTA MIL",NA,NA,NA,NA,1,NA,NA,NA,NA,3,1,3,11001,2,1,3,3,1,1,1,NA,1,11,1,3,NA,NA,NA,1,1,5,2,2,3,3,4,3,4,1,1,3,2,2,4,3,4,4,2,NA,1,2,1,2,3,1,3,9,6,0,7,708,1,1,3,1,3,1,72,1,3,3,NA,NA,1,1,1,NA
56802,3,1,2,2,NA,NA,NA,NA,NA,NA,30000,"TREINTA MIL",NA,NA,NA,NA,1,NA,NA,NA,NA,3,1,3,11001,2,1,3,3,1,1,1,NA,1,11,1,3,NA,NA,NA,1,1,5,2,2,3,3,4,3,4,1,1,3,2,2,4,3,4,4,2,NA,1,2,1,2,3,1,3,9,6,0,7,708,1,1,3,1,3,2,66,2,3,3,NA,NA,2,1,2,NA
56930,2,1,4,1,2,1,NA,NA,2,1,11000,"ONCE MIL PESOS",NA,NA,NA,1,NA,NA,NA,NA,NA,1,1,1,11001,2,1,4,1,1,1,1,NA,0,11,1,1,11,1,48,1,1,4,2,2,4,3,3,3,3,2,2,4,4,4,4,5,5,5,1,1,1,1,1,1,1,1,1,9,6,0,7,711,1,1,1,1,1,1,27,1,2,2,1,1,1,1,1,1
59941,3,1,2,1,1,1,NA,NA,1,2,8000,"CERO PESOS",NA,NA,NA,1,NA,NA,NA,NA,NA,2,1,2,11001,1,1,2,5,1,1,1,NA,0,11,1,2,NA,NA,NA,2,NA,4,2,2,4,4,4,3,3,1,1,1,4,4,4,4,4,4,1,2,1,2,2,NA,2,1,2,9,6,0,5,513,1,1,2,1,2,2,50,1,2,3,NA,NA,1,1,1,NA
59941,3,1,2,1,1,1,NA,NA,1,2,8000,"CERO PESOS",NA,NA,NA,1,NA,NA,NA,NA,NA,2,1,2,11001,1,1,2,5,1,1,1,NA,0,11,1,2,NA,NA,NA,2,NA,4,2,2,4,4,4,3,3,1,1,1,4,4,4,4,4,4,1,2,1,2,2,NA,2,1,2,9,6,0,5,513,1,1,2,1,2,1,2,5,2,1,NA,NA,4,1,4,NA
59941,3,1,2,1,1,1,NA,NA,1,2,8000,"CERO PESOS",NA,NA,NA,1,NA,NA,NA,NA,NA,2,1,2,11001,1,1,2,5,1,1,1,NA,0,11,1,2,NA,NA,NA,2,NA,4,2,2,4,4,4,3,3,1,1,1,4,4,4,4,4,4,1,2,1,2,2,NA,2,1,2,9,6,0,5,513,1,1,2,1,2,1,33,7,2,3,NA,NA,5,1,5,NA
59941,3,1,2,1,1,1,NA,NA,1,2,8000,"CERO PESOS",NA,NA,NA,1,NA,NA,NA,NA,NA,2,1,2,11001,1,1,2,5,1,1,1,NA,0,11,1,2,NA,NA,NA,2,NA,4,2,2,4,4,4,3,3,1,1,1,4,4,4,4,4,4,1,2,1,2,2,NA,2,1,2,9,6,0,5,513,1,1,2,1,2,1,21,3,2,1,1,1,2,1,2,1
59941,3,1,2,1,1,1,NA,NA,1,2,8000,"CERO PESOS",NA,NA,NA,1,NA,NA,NA,NA,NA,2,1,2,11001,1,1,2,5,1,1,1,NA,0,11,1,2,NA,NA,NA,2,NA,4,2,2,4,4,4,3,3,1,1,1,4,4,4,4,4,4,1,2,1,2,2,NA,2,1,2,9,6,0,5,513,1,1,2,1,2,2,25,3,2,1,NA,NA,3,1,3,NA
