"DIRECTORIO","Depmuni","TIPO","SERVICIO","ESTRATO","TOTAL_PERSONAS","SECUENCIA_ENCUESTA.x","SECUENCIA_P.x","ORDEN.x","RECO_DIC","K_01_A","K_01_B","K_01_C","K_01_D","K_02","K_03","K_04","K_05","K_06","K_07","K_08","K_09","K_09_VALOR","K_09_TEXTO","K_10_A","K_10_B","K_10_C","K_10_D","K_10_E","K_10_F","K_10_G","K_10_H","K_10_I","K_11","K_11_A","K_11_B","K_11_E","K_12_A","K_12_B","K_12_C","K_12_D","K_12_E","K_12_F","K_12_G","K_12_H","K_12_I","K_12_J","K_12_K","K_12_L","K_12_M","K_12_N","K_12_O","ORDEN.y"
1568,"63001",1,1,1,2,1,1,1,0,NA,1,NA,NA,3,2,NA,NA,NA,NA,NA,NA,NA,NA,NA,NA,NA,NA,NA,NA,NA,NA,NA,NA,NA,NA,NA,NA,NA,NA,NA,NA,NA,NA,NA,NA,NA,NA,NA,NA,NA,NA,2
2267,"63001",1,1,3,3,1,1,1,0,1,NA,NA,NA,3,2,NA,NA,NA,NA,NA,NA,NA,NA,NA,NA,NA,NA,NA,NA,NA,NA,NA,NA,NA,NA,NA,NA,NA,NA,NA,NA,NA,NA,NA,NA,NA,NA,NA,NA,NA,NA,2
4184,"63130",1,1,3,5,1,1,1,0,1,NA,NA,NA,3,1,1,2,NA,NA,1,2,NA,NA,NA,NA,NA,1,NA,NA,NA,NA,NA,2,NA,NA,NA,2,2,2,2,2,1,2,2,2,2,2,2,2,2,2,2
4188,"63130",1,1,2,4,1,1,1,0,NA,1,NA,NA,3,2,NA,NA,NA,NA,NA,NA,NA,NA,NA,NA,NA,NA,NA,NA,NA,NA,NA,NA,NA,NA,NA,NA,NA,NA,NA,NA,NA,NA,NA,NA,NA,NA,NA,NA,NA,NA,3
4339,"63130",2,1,2,2,1,1,1,0,NA,1,NA,NA,3,2,NA,NA,NA,NA,NA,NA,NA,NA,NA,NA,NA,NA,NA,NA,NA,NA,NA,NA,NA,NA,NA,NA,NA,NA,NA,NA,NA,NA,NA,NA,NA,NA,NA,NA,NA,NA,2
4386,"63130",1,1,3,7,1,1,1,0,NA,1,NA,NA,3,1,2,2,NA,NA,1,1,1000,"MIL PESOS",NA,NA,NA,1,NA,NA,NA,NA,NA,1,1,NA,NA,1,2,2,2,2,2,2,2,1,1,2,2,2,2,2,3
4423,"63001",1,1,2,1,1,1,1,0,NA,1,NA,NA,3,2,NA,NA,NA,NA,NA,NA,NA,NA,NA,NA,NA,NA,NA,NA,NA,NA,NA,NA,NA,NA,NA,NA,NA,NA,NA,NA,NA,NA,NA,NA,NA,NA,NA,NA,NA,NA,1
4516,"63130",1,1,2,3,1,1,1,0,1,NA,NA,NA,3,2,NA,NA,NA,NA,NA,NA,NA,NA,NA,NA,NA,NA,NA,NA,NA,NA,NA,NA,NA,NA,NA,NA,NA,NA,NA,NA,NA,NA,NA,NA,NA,NA,NA,NA,NA,NA,1
5547,"63130",1,1,3,4,1,1,1,0,NA,1,NA,NA,3,1,3,1,5,15000,5,1,1000,"MIL PESOS",NA,NA,NA,NA,NA,1,NA,NA,NA,2,NA,NA,NA,1,2,2,1,1,1,2,2,2,2,1,2,1,2,1,4
5581,"63130",1,1,3,4,1,1,1,0,NA,1,NA,NA,3,2,NA,NA,NA,NA,NA,NA,NA,NA,NA,NA,NA,NA,NA,NA,NA,NA,NA,NA,NA,NA,NA,NA,NA,NA,NA,NA,NA,NA,NA,NA,NA,NA,NA,NA,NA,NA,3
6324,"63001",1,1,1,2,1,1,1,0,1,NA,NA,NA,3,2,NA,NA,NA,NA,NA,NA,NA,NA,NA,NA,NA,NA,NA,NA,NA,NA,NA,NA,NA,NA,NA,NA,NA,NA,NA,NA,NA,NA,NA,NA,NA,NA,NA,NA,NA,NA,1
6623,"63130",1,1,2,3,1,1,1,0,1,NA,NA,NA,3,2,NA,NA,NA,NA,NA,NA,NA,NA,NA,NA,NA,NA,NA,NA,NA,NA,NA,NA,NA,NA,NA,NA,NA,NA,NA,NA,NA,NA,NA,NA,NA,NA,NA,NA,NA,NA,1
6627,"63001",1,1,2,2,1,1,1,0,1,NA,NA,NA,3,2,NA,NA,NA,NA,NA,NA,NA,NA,NA,NA,NA,NA,NA,NA,NA,NA,NA,NA,NA,NA,NA,NA,NA,NA,NA,NA,NA,NA,NA,NA,NA,NA,NA,NA,NA,NA,2
6657,"63001",1,1,2,3,1,1,1,0,NA,NA,NA,1,3,2,NA,NA,NA,NA,NA,NA,NA,NA,NA,NA,NA,NA,NA,NA,NA,NA,NA,NA,NA,NA,NA,NA,NA,NA,NA,NA,NA,NA,NA,NA,NA,NA,NA,NA,NA,NA,2
6679,"63001",1,1,3,1,1,1,1,0,1,NA,NA,NA,1,1,4,1,15,60000,5,1,2000,"DOS MIL PESOS",NA,NA,NA,1,NA,NA,NA,NA,NA,2,NA,NA,NA,2,2,2,2,2,1,1,2,2,2,1,2,2,1,1,1
7185,"63130",1,1,1,6,1,1,1,0,1,1,NA,NA,3,1,4,1,10,98,4,1,1000,"MIL PESOS",NA,NA,NA,1,NA,NA,NA,NA,NA,2,NA,NA,NA,1,2,2,1,2,1,1,2,2,2,1,1,2,2,1,1
7227,"63130",1,1,3,4,1,1,1,0,1,1,1,NA,3,1,5,1,99,30000,20,1,1000,"MIL PESOS",NA,NA,NA,NA,NA,1,NA,NA,NA,2,NA,NA,NA,2,2,2,2,2,2,2,1,2,2,1,1,1,2,1,4
7395,"63130",1,1,2,4,1,1,1,0,1,NA,NA,NA,3,2,NA,NA,NA,NA,NA,NA,NA,NA,NA,NA,NA,NA,NA,NA,NA,NA,NA,NA,NA,NA,NA,NA,NA,NA,NA,NA,NA,NA,NA,NA,NA,NA,NA,NA,NA,NA,1
7420,"63130",1,1,4,3,1,1,1,0,NA,1,NA,NA,1,1,1,1,1,98,1,1,2000,"DOS MIL PESOS",NA,NA,NA,1,NA,NA,NA,NA,NA,1,1,NA,NA,2,2,2,2,2,2,2,2,2,2,2,2,2,2,2,2
7441,"63130",1,1,4,2,1,1,1,0,1,NA,NA,NA,3,2,NA,NA,NA,NA,NA,NA,NA,NA,NA,NA,NA,NA,NA,NA,NA,NA,NA,NA,NA,NA,NA,NA,NA,NA,NA,NA,NA,NA,NA,NA,NA,NA,NA,NA,NA,NA,1
8302,"63470",1,1,3,1,1,1,1,0,1,NA,NA,NA,3,1,1,2,NA,NA,1,1,2000,"DOS MIL PESOS",NA,NA,NA,1,NA,NA,NA,NA,NA,2,NA,NA,NA,2,2,2,2,2,2,2,2,2,2,2,2,2,2,2,1
8313,"63470",1,1,2,2,1,1,1,0,1,NA,NA,NA,3,2,NA,NA,NA,NA,NA,NA,NA,NA,NA,NA,NA,NA,NA,NA,NA,NA,NA,NA,NA,NA,NA,NA,NA,NA,NA,NA,NA,NA,NA,NA,NA,NA,NA,NA,NA,NA,1
8546,"63470",3,1,2,4,1,1,1,0,1,1,NA,NA,3,2,NA,NA,NA,NA,NA,NA,NA,NA,NA,NA,NA,NA,NA,NA,NA,NA,NA,NA,NA,NA,NA,NA,NA,NA,NA,NA,NA,NA,NA,NA,NA,NA,NA,NA,NA,NA,2
8969,"63470",1,1,2,3,1,1,1,0,1,NA,NA,NA,3,2,NA,NA,NA,NA,NA,NA,NA,NA,NA,NA,NA,NA,NA,NA,NA,NA,NA,NA,NA,NA,NA,NA,NA,NA,NA,NA,NA,NA,NA,NA,NA,NA,NA,NA,NA,NA,3
9022,"63001",1,1,3,3,1,1,1,0,1,NA,NA,NA,3,2,NA,NA,NA,NA,NA,NA,NA,NA,NA,NA,NA,NA,NA,NA,NA,NA,NA,NA,NA,NA,NA,NA,NA,NA,NA,NA,NA,NA,NA,NA,NA,NA,NA,NA,NA,NA,1
9461,"63001",1,1,1,3,1,1,1,0,NA,1,NA,NA,3,1,2,1,20,10000,8,1,1000,"MIL PESOS",NA,NA,NA,NA,1,NA,NA,NA,NA,2,NA,NA,NA,2,2,2,2,2,2,2,2,2,2,1,2,1,2,2,2
10235,"63001",1,1,3,4,1,1,1,0,NA,1,NA,NA,3,2,NA,NA,NA,NA,NA,NA,NA,NA,NA,NA,NA,NA,NA,NA,NA,NA,NA,NA,NA,NA,NA,NA,NA,NA,NA,NA,NA,NA,NA,NA,NA,NA,NA,NA,NA,NA,3
10383,"63001",1,1,1,4,1,1,1,0,1,1,NA,NA,3,1,5,1,30,24000,35,1,1000,"MIL PESOS",NA,NA,NA,1,NA,NA,NA,NA,NA,2,NA,NA,NA,2,1,1,1,1,2,2,1,1,1,1,1,1,1,1,1
10689,"63001",1,1,1,6,1,1,1,0,NA,1,NA,NA,3,1,4,1,8,10000,2,1,2000,"DOS MIL PESOS",NA,NA,NA,1,NA,NA,NA,NA,NA,2,NA,NA,NA,2,2,2,2,2,1,1,2,2,2,1,2,2,2,1,2
10785,"63001",2,1,1,3,1,1,1,0,NA,1,NA,NA,9,1,5,1,30,4e+05,150,1,1000,"MIL PESOS",NA,NA,NA,1,NA,NA,NA,NA,NA,2,NA,NA,NA,2,1,1,2,1,2,2,1,2,2,1,1,2,2,1,1
12240,"63470",1,1,2,4,1,1,1,0,1,NA,NA,NA,3,2,NA,NA,NA,NA,NA,NA,NA,NA,NA,NA,NA,NA,NA,NA,NA,NA,NA,NA,NA,NA,NA,NA,NA,NA,NA,NA,NA,NA,NA,NA,NA,NA,NA,NA,NA,NA,1
12382,"63470",1,1,2,5,1,1,1,0,1,NA,NA,NA,3,2,NA,NA,NA,NA,NA,NA,NA,NA,NA,NA,NA,NA,NA,NA,NA,NA,NA,NA,NA,NA,NA,NA,NA,NA,NA,NA,NA,NA,NA,NA,NA,NA,NA,NA,NA,NA,1
13231,"63470",1,1,2,4,1,1,1,0,NA,1,NA,NA,2,1,9,1,2,98,1,1,1000,"MIL PESOS",NA,NA,NA,1,NA,NA,NA,NA,NA,2,NA,NA,NA,1,2,2,1,2,1,2,2,2,2,1,2,2,2,2,3
13953,"63470",1,1,1,12,1,1,1,0,NA,1,NA,NA,3,1,5,1,30,25000,150,1,1500,"MIL QUINIENTOS PESOS",NA,NA,1,NA,NA,NA,NA,NA,NA,2,NA,NA,NA,2,1,1,1,2,1,1,1,2,2,1,1,2,2,2,8
14140,"63001",1,1,2,4,1,1,1,0,1,NA,NA,NA,3,2,NA,NA,NA,NA,NA,NA,NA,NA,NA,NA,NA,NA,NA,NA,NA,NA,NA,NA,NA,NA,NA,NA,NA,NA,NA,NA,NA,NA,NA,NA,NA,NA,NA,NA,NA,NA,3
14440,"63470",1,1,1,2,1,1,1,0,NA,1,NA,NA,1,1,5,1,30,2e+05,100,1,2000,"DOS MIL PESOS",NA,NA,1,NA,NA,NA,NA,NA,NA,2,NA,NA,NA,2,1,2,2,2,2,1,1,1,1,1,1,1,1,1,1
14702,"63001",2,1,1,5,1,1,1,0,1,NA,NA,NA,3,2,NA,NA,NA,NA,NA,NA,NA,NA,NA,NA,NA,NA,NA,NA,NA,NA,NA,NA,NA,NA,NA,NA,NA,NA,NA,NA,NA,NA,NA,NA,NA,NA,NA,NA,NA,NA,2
15516,"63470",1,1,3,3,1,1,1,0,NA,1,NA,NA,2,1,2,1,10,1000,3,2,NA,NA,NA,NA,NA,1,NA,NA,NA,NA,NA,1,1,NA,NA,2,2,2,2,2,2,2,2,2,2,2,2,2,2,2,1
16319,"63001",2,1,2,3,1,1,1,0,1,NA,NA,NA,3,2,NA,NA,NA,NA,NA,NA,NA,NA,NA,NA,NA,NA,NA,NA,NA,NA,NA,NA,NA,NA,NA,NA,NA,NA,NA,NA,NA,NA,NA,NA,NA,NA,NA,NA,NA,NA,3
16397,"63001",1,1,2,2,1,1,1,0,1,NA,NA,NA,3,2,NA,NA,NA,NA,NA,NA,NA,NA,NA,NA,NA,NA,NA,NA,NA,NA,NA,NA,NA,NA,NA,NA,NA,NA,NA,NA,NA,NA,NA,NA,NA,NA,NA,NA,NA,NA,1
17300,"63401",1,1,1,6,1,1,1,0,NA,1,NA,NA,3,1,4,1,8,12000,8,1,2000,"DOS MIL PESOS",NA,NA,1,NA,NA,NA,NA,NA,NA,1,1,NA,NA,1,1,2,1,2,1,2,2,1,1,1,1,1,1,1,3
17373,"63401",1,1,1,3,1,1,1,0,NA,1,NA,NA,3,1,5,1,30,50000,30,1,1000,"MIL PESOS",NA,NA,NA,1,NA,NA,NA,NA,NA,1,1,NA,NA,1,1,1,1,1,1,2,2,1,1,1,1,1,2,1,1
17490,"63001",2,1,5,2,1,1,1,0,1,NA,NA,NA,3,2,NA,NA,NA,NA,NA,NA,NA,NA,NA,NA,NA,NA,NA,NA,NA,NA,NA,NA,NA,NA,NA,NA,NA,NA,NA,NA,NA,NA,NA,NA,NA,NA,NA,NA,NA,NA,1
18484,"63401",1,1,1,1,1,1,1,0,NA,1,NA,NA,3,2,NA,NA,NA,NA,NA,NA,NA,NA,NA,NA,NA,NA,NA,NA,NA,NA,NA,NA,NA,NA,NA,NA,NA,NA,NA,NA,NA,NA,NA,NA,NA,NA,NA,NA,NA,NA,1
19063,"63001",2,1,2,2,1,1,1,0,1,NA,NA,NA,3,2,NA,NA,NA,NA,NA,NA,NA,NA,NA,NA,NA,NA,NA,NA,NA,NA,NA,NA,NA,NA,NA,NA,NA,NA,NA,NA,NA,NA,NA,NA,NA,NA,NA,NA,NA,NA,2
19132,"63001",1,1,6,4,1,1,1,0,1,NA,NA,NA,3,1,1,1,1,2000,1,1,2000,"DOS MIL PESOS",NA,NA,NA,1,NA,NA,NA,NA,NA,1,1,NA,NA,2,2,2,2,2,2,2,2,1,2,2,2,2,2,1,4
19353,"63001",1,1,1,5,1,1,1,0,1,1,NA,NA,3,2,NA,NA,NA,NA,NA,NA,NA,NA,NA,NA,NA,NA,NA,NA,NA,NA,NA,NA,NA,NA,NA,NA,NA,NA,NA,NA,NA,NA,NA,NA,NA,NA,NA,NA,NA,NA,3
19415,"63401",1,1,2,4,1,1,1,0,NA,1,NA,NA,3,2,NA,NA,NA,NA,NA,NA,NA,NA,NA,NA,NA,NA,NA,NA,NA,NA,NA,NA,NA,NA,NA,NA,NA,NA,NA,NA,NA,NA,NA,NA,NA,NA,NA,NA,NA,NA,3
19586,"63401",4,1,1,1,1,1,1,0,1,NA,NA,NA,3,2,NA,NA,NA,NA,NA,NA,NA,NA,NA,NA,NA,NA,NA,NA,NA,NA,NA,NA,NA,NA,NA,NA,NA,NA,NA,NA,NA,NA,NA,NA,NA,NA,NA,NA,NA,NA,1
19597,"63401",1,1,2,7,1,1,1,0,1,1,NA,1,2,1,3,2,NA,NA,1,1,1000,"MIL PESOS",NA,1,NA,NA,NA,NA,NA,NA,NA,2,NA,NA,NA,2,2,2,2,2,2,2,2,2,2,1,2,2,2,2,2
20328,"63001",1,1,1,1,1,1,1,0,1,NA,NA,NA,3,2,NA,NA,NA,NA,NA,NA,NA,NA,NA,NA,NA,NA,NA,NA,NA,NA,NA,NA,NA,NA,NA,NA,NA,NA,NA,NA,NA,NA,NA,NA,NA,NA,NA,NA,NA,NA,1
21001,"63001",2,1,5,4,1,1,1,0,1,NA,NA,NA,3,2,NA,NA,NA,NA,NA,NA,NA,NA,NA,NA,NA,NA,NA,NA,NA,NA,NA,NA,NA,NA,NA,NA,NA,NA,NA,NA,NA,NA,NA,NA,NA,NA,NA,NA,NA,NA,1
21126,"63401",1,1,2,5,1,1,1,0,1,NA,NA,NA,3,2,NA,NA,NA,NA,NA,NA,NA,NA,NA,NA,NA,NA,NA,NA,NA,NA,NA,NA,NA,NA,NA,NA,NA,NA,NA,NA,NA,NA,NA,NA,NA,NA,NA,NA,NA,NA,3
21183,"63401",1,1,2,4,1,1,1,0,NA,1,NA,NA,3,2,NA,NA,NA,NA,NA,NA,NA,NA,NA,NA,NA,NA,NA,NA,NA,NA,NA,NA,NA,NA,NA,NA,NA,NA,NA,NA,NA,NA,NA,NA,NA,NA,NA,NA,NA,NA,3
21293,"63401",1,1,2,2,1,1,1,0,1,NA,NA,NA,3,2,NA,NA,NA,NA,NA,NA,NA,NA,NA,NA,NA,NA,NA,NA,NA,NA,NA,NA,NA,NA,NA,NA,NA,NA,NA,NA,NA,NA,NA,NA,NA,NA,NA,NA,NA,NA,2
23247,"63130",1,1,3,3,1,1,1,0,1,NA,NA,NA,3,2,NA,NA,NA,NA,NA,NA,NA,NA,NA,NA,NA,NA,NA,NA,NA,NA,NA,NA,NA,NA,NA,NA,NA,NA,NA,NA,NA,NA,NA,NA,NA,NA,NA,NA,NA,NA,2
23604,"63401",1,1,1,3,1,1,1,0,NA,1,NA,NA,3,1,5,1,30,15000,30,1,1000,"MIL PESOS",NA,NA,1,NA,NA,NA,NA,NA,NA,2,NA,NA,NA,1,1,2,2,2,2,2,2,2,2,2,2,2,1,1,3
23739,"63130",1,1,2,4,1,1,1,0,NA,1,NA,NA,3,2,NA,NA,NA,NA,NA,NA,NA,NA,NA,NA,NA,NA,NA,NA,NA,NA,NA,NA,NA,NA,NA,NA,NA,NA,NA,NA,NA,NA,NA,NA,NA,NA,NA,NA,NA,NA,2
24036,"63001",2,1,3,2,1,1,1,0,1,1,NA,NA,3,2,NA,NA,NA,NA,NA,NA,NA,NA,NA,NA,NA,NA,NA,NA,NA,NA,NA,NA,NA,NA,NA,NA,NA,NA,NA,NA,NA,NA,NA,NA,NA,NA,NA,NA,NA,NA,2
24059,"63001",2,1,3,3,1,1,1,0,1,NA,NA,NA,3,2,NA,NA,NA,NA,NA,NA,NA,NA,NA,NA,NA,NA,NA,NA,NA,NA,NA,NA,NA,NA,NA,NA,NA,NA,NA,NA,NA,NA,NA,NA,NA,NA,NA,NA,NA,NA,2
24199,"63130",1,1,3,4,1,1,1,0,NA,1,NA,NA,3,2,NA,NA,NA,NA,NA,NA,NA,NA,NA,NA,NA,NA,NA,NA,NA,NA,NA,NA,NA,NA,NA,NA,NA,NA,NA,NA,NA,NA,NA,NA,NA,NA,NA,NA,NA,NA,2
24211,"63001",2,1,4,2,1,1,1,0,NA,1,NA,NA,3,1,4,1,30,20000,10,1,2000,"DOS MIL PESOS",NA,NA,NA,1,NA,NA,NA,NA,NA,1,1,1,NA,2,2,2,2,2,2,1,2,1,2,2,2,2,2,1,1
24337,"63001",1,1,2,1,1,1,1,0,NA,1,NA,NA,3,2,NA,NA,NA,NA,NA,NA,NA,NA,NA,NA,NA,NA,NA,NA,NA,NA,NA,NA,NA,NA,NA,NA,NA,NA,NA,NA,NA,NA,NA,NA,NA,NA,NA,NA,NA,NA,1
24516,"63001",1,1,3,5,1,1,1,0,1,1,NA,NA,3,2,NA,NA,NA,NA,NA,NA,NA,NA,NA,NA,NA,NA,NA,NA,NA,NA,NA,NA,NA,NA,NA,NA,NA,NA,NA,NA,NA,NA,NA,NA,NA,NA,NA,NA,NA,NA,5
24605,"63470",1,1,1,3,1,1,1,0,NA,1,NA,NA,3,2,NA,NA,NA,NA,NA,NA,NA,NA,NA,NA,NA,NA,NA,NA,NA,NA,NA,NA,NA,NA,NA,NA,NA,NA,NA,NA,NA,NA,NA,NA,NA,NA,NA,NA,NA,NA,1
25111,"63470",1,1,2,4,1,1,1,0,1,NA,NA,NA,3,1,2,2,NA,NA,1,1,2000,"DOS MIL PESOS",NA,NA,NA,1,NA,NA,NA,NA,NA,2,NA,NA,NA,2,2,2,2,2,2,2,2,2,2,2,2,2,2,2,4
25141,"63001",1,1,2,9,1,1,1,0,1,NA,NA,NA,9,2,NA,NA,NA,NA,NA,NA,NA,NA,NA,NA,NA,NA,NA,NA,NA,NA,NA,NA,NA,NA,NA,NA,NA,NA,NA,NA,NA,NA,NA,NA,NA,NA,NA,NA,NA,NA,7
25589,"63001",1,1,2,5,1,1,1,0,1,NA,NA,NA,3,1,2,1,1,1000,1,1,1000,"MIL PESOS",NA,NA,NA,1,NA,NA,NA,NA,NA,1,1,NA,NA,2,2,2,2,2,2,2,2,2,2,2,2,2,2,2,5
27139,"63001",2,1,5,2,1,1,1,0,1,1,1,NA,3,1,5,1,30,1e+05,60,1,2000,"DOS MIL PESOS",NA,NA,NA,NA,1,NA,NA,NA,NA,1,1,NA,NA,2,2,2,1,2,2,2,2,2,1,2,2,2,2,2,2
28209,"63001",1,1,3,5,1,1,1,0,NA,1,NA,NA,3,2,NA,NA,NA,NA,NA,NA,NA,NA,NA,NA,NA,NA,NA,NA,NA,NA,NA,NA,NA,NA,NA,NA,NA,NA,NA,NA,NA,NA,NA,NA,NA,NA,NA,NA,NA,NA,3
28227,"63001",2,1,3,1,1,1,1,0,NA,NA,NA,1,3,2,NA,NA,NA,NA,NA,NA,NA,NA,NA,NA,NA,NA,NA,NA,NA,NA,NA,NA,NA,NA,NA,NA,NA,NA,NA,NA,NA,NA,NA,NA,NA,NA,NA,NA,NA,NA,1
28492,"63001",1,1,1,2,1,1,1,0,NA,1,NA,NA,3,2,NA,NA,NA,NA,NA,NA,NA,NA,NA,NA,NA,NA,NA,NA,NA,NA,NA,NA,NA,NA,NA,NA,NA,NA,NA,NA,NA,NA,NA,NA,NA,NA,NA,NA,NA,NA,2
28515,"63130",2,1,4,2,1,1,1,0,NA,1,NA,NA,3,1,5,1,30,50000,60,1,800,"OCHO CIENTOS PESOS",NA,NA,NA,1,NA,NA,NA,NA,NA,1,1,NA,NA,2,2,2,1,2,2,2,2,2,2,1,2,2,2,1,2
29501,"63001",1,1,2,2,1,1,1,0,NA,1,NA,NA,3,2,NA,NA,NA,NA,NA,NA,NA,NA,NA,NA,NA,NA,NA,NA,NA,NA,NA,NA,NA,NA,NA,NA,NA,NA,NA,NA,NA,NA,NA,NA,NA,NA,NA,NA,NA,NA,2
30009,"63001",1,1,1,4,1,1,1,0,1,1,NA,NA,3,1,3,1,1,10000,5,1,2000,"DOS MIL PESOS",NA,NA,NA,1,NA,NA,NA,NA,NA,1,1,NA,NA,2,2,2,2,2,1,2,2,2,2,2,1,2,2,1,4
30741,"63001",1,1,1,5,1,1,1,0,1,NA,NA,NA,3,2,NA,NA,NA,NA,NA,NA,NA,NA,NA,NA,NA,NA,NA,NA,NA,NA,NA,NA,NA,NA,NA,NA,NA,NA,NA,NA,NA,NA,NA,NA,NA,NA,NA,NA,NA,NA,1
31291,"63001",1,1,2,3,1,1,1,0,1,NA,NA,NA,3,2,NA,NA,NA,NA,NA,NA,NA,NA,NA,NA,NA,NA,NA,NA,NA,NA,NA,NA,NA,NA,NA,NA,NA,NA,NA,NA,NA,NA,NA,NA,NA,NA,NA,NA,NA,NA,1
32562,"63001",1,1,2,1,1,1,1,0,NA,1,NA,NA,3,2,NA,NA,NA,NA,NA,NA,NA,NA,NA,NA,NA,NA,NA,NA,NA,NA,NA,NA,NA,NA,NA,NA,NA,NA,NA,NA,NA,NA,NA,NA,NA,NA,NA,NA,NA,NA,1
33105,"63001",2,1,2,4,1,1,1,0,1,NA,NA,NA,3,2,NA,NA,NA,NA,NA,NA,NA,NA,NA,NA,NA,NA,NA,NA,NA,NA,NA,NA,NA,NA,NA,NA,NA,NA,NA,NA,NA,NA,NA,NA,NA,NA,NA,NA,NA,NA,2
34357,"63001",1,1,3,1,1,1,1,0,1,NA,NA,NA,3,2,NA,NA,NA,NA,NA,NA,NA,NA,NA,NA,NA,NA,NA,NA,NA,NA,NA,NA,NA,NA,NA,NA,NA,NA,NA,NA,NA,NA,NA,NA,NA,NA,NA,NA,NA,NA,1
34377,"63001",1,1,3,3,1,1,1,0,1,NA,NA,NA,3,2,NA,NA,NA,NA,NA,NA,NA,NA,NA,NA,NA,NA,NA,NA,NA,NA,NA,NA,NA,NA,NA,NA,NA,NA,NA,NA,NA,NA,NA,NA,NA,NA,NA,NA,NA,NA,3
34805,"63001",1,1,2,4,1,1,1,0,1,NA,NA,NA,3,2,NA,NA,NA,NA,NA,NA,NA,NA,NA,NA,NA,NA,NA,NA,NA,NA,NA,NA,NA,NA,NA,NA,NA,NA,NA,NA,NA,NA,NA,NA,NA,NA,NA,NA,NA,NA,3
35272,"63001",1,1,1,5,1,1,1,0,1,NA,NA,NA,3,2,NA,NA,NA,NA,NA,NA,NA,NA,NA,NA,NA,NA,NA,NA,NA,NA,NA,NA,NA,NA,NA,NA,NA,NA,NA,NA,NA,NA,NA,NA,NA,NA,NA,NA,NA,NA,2
35853,"63001",1,1,3,2,1,1,1,0,NA,NA,NA,1,3,2,NA,NA,NA,NA,NA,NA,NA,NA,NA,NA,NA,NA,NA,NA,NA,NA,NA,NA,NA,NA,NA,NA,NA,NA,NA,NA,NA,NA,NA,NA,NA,NA,NA,NA,NA,NA,2
35879,"63001",1,1,2,4,1,1,1,0,1,NA,NA,NA,3,2,NA,NA,NA,NA,NA,NA,NA,NA,NA,NA,NA,NA,NA,NA,NA,NA,NA,NA,NA,NA,NA,NA,NA,NA,NA,NA,NA,NA,NA,NA,NA,NA,NA,NA,NA,NA,1
35928,"63001",1,1,2,4,1,1,1,0,1,NA,NA,NA,3,2,NA,NA,NA,NA,NA,NA,NA,NA,NA,NA,NA,NA,NA,NA,NA,NA,NA,NA,NA,NA,NA,NA,NA,NA,NA,NA,NA,NA,NA,NA,NA,NA,NA,NA,NA,NA,1
37171,"63001",1,1,3,5,1,1,1,0,NA,1,NA,NA,3,2,NA,NA,NA,NA,NA,NA,NA,NA,NA,NA,NA,NA,NA,NA,NA,NA,NA,NA,NA,NA,NA,NA,NA,NA,NA,NA,NA,NA,NA,NA,NA,NA,NA,NA,NA,NA,3
37264,"63001",1,1,1,9,1,1,1,0,1,NA,NA,NA,3,2,NA,NA,NA,NA,NA,NA,NA,NA,NA,NA,NA,NA,NA,NA,NA,NA,NA,NA,NA,NA,NA,NA,NA,NA,NA,NA,NA,NA,NA,NA,NA,NA,NA,NA,NA,NA,3
38237,"63001",1,1,3,7,1,1,1,0,NA,1,NA,NA,3,2,NA,NA,NA,NA,NA,NA,NA,NA,NA,NA,NA,NA,NA,NA,NA,NA,NA,NA,NA,NA,NA,NA,NA,NA,NA,NA,NA,NA,NA,NA,NA,NA,NA,NA,NA,NA,4
38790,"63001",1,1,2,3,1,1,1,0,NA,1,NA,NA,3,1,2,1,30,30000,12,1,1000,"MIL PESOS",NA,NA,1,1,NA,1,NA,NA,NA,1,1,NA,NA,1,1,1,1,1,1,1,1,2,2,1,1,1,1,1,3
38803,"63001",1,1,2,4,1,1,1,0,1,NA,NA,NA,3,2,NA,NA,NA,NA,NA,NA,NA,NA,NA,NA,NA,NA,NA,NA,NA,NA,NA,NA,NA,NA,NA,NA,NA,NA,NA,NA,NA,NA,NA,NA,NA,NA,NA,NA,NA,NA,1
39241,"63001",1,1,2,1,1,1,1,0,1,NA,NA,NA,3,1,5,1,30,30000,30,1,1000,"MIL PESOS",NA,NA,1,NA,NA,NA,NA,NA,NA,2,NA,NA,NA,2,2,2,1,2,2,1,2,2,2,2,1,2,2,2,1
39266,"63001",1,1,1,1,1,1,1,0,1,NA,NA,NA,3,2,NA,NA,NA,NA,NA,NA,NA,NA,NA,NA,NA,NA,NA,NA,NA,NA,NA,NA,NA,NA,NA,NA,NA,NA,NA,NA,NA,NA,NA,NA,NA,NA,NA,NA,NA,NA,1
40920,"63001",1,1,2,6,1,1,1,0,1,NA,NA,NA,3,2,NA,NA,NA,NA,NA,NA,NA,NA,NA,NA,NA,NA,NA,NA,NA,NA,NA,NA,NA,NA,NA,NA,NA,NA,NA,NA,NA,NA,NA,NA,NA,NA,NA,NA,NA,NA,4
41478,"63401",1,1,1,2,1,1,1,0,NA,NA,NA,1,3,1,3,1,1,2000,2,1,1000,"MIL PESOS",NA,NA,NA,NA,1,NA,NA,NA,NA,2,NA,NA,NA,2,1,1,2,2,1,2,2,2,2,1,2,2,2,1,1
41507,"63001",1,1,1,3,1,1,1,0,1,NA,NA,NA,3,2,NA,NA,NA,NA,NA,NA,NA,NA,NA,NA,NA,NA,NA,NA,NA,NA,NA,NA,NA,NA,NA,NA,NA,NA,NA,NA,NA,NA,NA,NA,NA,NA,NA,NA,NA,NA,3
41710,"63001",1,1,3,3,1,1,1,0,1,NA,NA,NA,3,2,NA,NA,NA,NA,NA,NA,NA,NA,NA,NA,NA,NA,NA,NA,NA,NA,NA,NA,NA,NA,NA,NA,NA,NA,NA,NA,NA,NA,NA,NA,NA,NA,NA,NA,NA,NA,1
42804,"63001",1,1,3,4,1,1,1,0,1,1,NA,NA,3,2,NA,NA,NA,NA,NA,NA,NA,NA,NA,NA,NA,NA,NA,NA,NA,NA,NA,NA,NA,NA,NA,NA,NA,NA,NA,NA,NA,NA,NA,NA,NA,NA,NA,NA,NA,NA,4
42971,"63001",1,1,1,2,1,1,1,0,1,1,NA,NA,3,1,5,1,30,35000,65,1,1000,"MIL PESOS",NA,NA,NA,1,1,NA,NA,NA,NA,1,1,NA,NA,2,2,2,2,2,2,2,2,2,2,2,2,2,1,1,1
43797,"63001",1,1,2,6,1,1,1,0,1,NA,NA,NA,3,2,NA,NA,NA,NA,NA,NA,NA,NA,NA,NA,NA,NA,NA,NA,NA,NA,NA,NA,NA,NA,NA,NA,NA,NA,NA,NA,NA,NA,NA,NA,NA,NA,NA,NA,NA,NA,2
43949,"63001",1,1,1,2,1,1,1,0,1,NA,NA,NA,3,2,NA,NA,NA,NA,NA,NA,NA,NA,NA,NA,NA,NA,NA,NA,NA,NA,NA,NA,NA,NA,NA,NA,NA,NA,NA,NA,NA,NA,NA,NA,NA,NA,NA,NA,NA,NA,1
45159,"63001",1,1,3,2,1,1,1,0,1,NA,NA,NA,3,1,3,1,2,2000,2,1,1000,"MIL PESOS",NA,NA,NA,1,NA,NA,NA,NA,NA,2,NA,NA,NA,2,2,2,2,2,2,2,2,2,2,1,2,2,2,2,1
45201,"63001",1,1,2,5,1,1,1,0,1,NA,NA,NA,3,1,5,1,30,40000,35,1,1000,"MIL PESOS",NA,NA,NA,NA,NA,1,NA,NA,NA,2,NA,NA,NA,1,1,1,1,2,1,1,2,2,2,1,2,2,2,2,5
45216,"63001",1,1,3,5,1,1,1,0,1,NA,NA,NA,3,2,NA,NA,NA,NA,NA,NA,NA,NA,NA,NA,NA,NA,NA,NA,NA,NA,NA,NA,NA,NA,NA,NA,NA,NA,NA,NA,NA,NA,NA,NA,NA,NA,NA,NA,NA,NA,1
45234,"63001",1,1,1,4,1,1,1,0,1,NA,NA,NA,3,1,1,2,NA,NA,1,1,1000,"MIL PESOS",NA,NA,NA,1,NA,NA,NA,NA,NA,2,NA,NA,NA,1,2,2,1,2,2,2,2,2,2,2,2,2,2,2,3
45444,"63001",1,1,2,2,1,1,1,0,1,NA,NA,NA,3,2,NA,NA,NA,NA,NA,NA,NA,NA,NA,NA,NA,NA,NA,NA,NA,NA,NA,NA,NA,NA,NA,NA,NA,NA,NA,NA,NA,NA,NA,NA,NA,NA,NA,NA,NA,NA,1
45958,"63001",1,1,2,1,1,1,1,0,NA,1,NA,NA,3,2,NA,NA,NA,NA,NA,NA,NA,NA,NA,NA,NA,NA,NA,NA,NA,NA,NA,NA,NA,NA,NA,NA,NA,NA,NA,NA,NA,NA,NA,NA,NA,NA,NA,NA,NA,NA,1
46634,"63001",1,1,2,2,1,1,1,1,1,NA,NA,NA,3,2,NA,NA,NA,NA,NA,NA,NA,NA,NA,NA,NA,NA,NA,NA,NA,NA,NA,NA,NA,NA,NA,NA,NA,NA,NA,NA,NA,NA,NA,NA,NA,NA,NA,NA,NA,NA,1
46965,"63001",1,1,1,3,1,1,1,0,1,NA,NA,NA,3,2,NA,NA,NA,NA,NA,NA,NA,NA,NA,NA,NA,NA,NA,NA,NA,NA,NA,NA,NA,NA,NA,NA,NA,NA,NA,NA,NA,NA,NA,NA,NA,NA,NA,NA,NA,NA,1
46980,"63001",1,1,1,3,1,1,1,0,NA,NA,NA,1,3,2,NA,NA,NA,NA,NA,NA,NA,NA,NA,NA,NA,NA,NA,NA,NA,NA,NA,NA,NA,NA,NA,NA,NA,NA,NA,NA,NA,NA,NA,NA,NA,NA,NA,NA,NA,NA,2
47007,"63001",1,1,1,2,1,1,1,0,1,1,NA,NA,3,2,NA,NA,NA,NA,NA,NA,NA,NA,NA,NA,NA,NA,NA,NA,NA,NA,NA,NA,NA,NA,NA,NA,NA,NA,NA,NA,NA,NA,NA,NA,NA,NA,NA,NA,NA,NA,1
47203,"63001",1,1,3,4,1,1,1,1,NA,1,NA,NA,3,1,5,1,30,20000,30,1,1000,"MIL PESOS",NA,NA,NA,NA,1,NA,NA,NA,NA,1,NA,NA,1,2,2,1,2,2,2,2,2,2,2,2,2,2,2,1,3
48030,"63001",1,1,2,2,1,1,1,1,NA,1,NA,NA,3,1,3,1,2,98,2,1,1000,"MIL PESOS",NA,NA,NA,1,NA,NA,NA,NA,NA,2,NA,NA,NA,2,2,1,1,2,1,2,2,2,2,1,2,1,2,2,2
48482,"63001",1,1,2,2,1,1,1,0,1,NA,NA,NA,3,2,NA,NA,NA,NA,NA,NA,NA,NA,NA,NA,NA,NA,NA,NA,NA,NA,NA,NA,NA,NA,NA,NA,NA,NA,NA,NA,NA,NA,NA,NA,NA,NA,NA,NA,NA,NA,2
49157,"63001",1,1,1,4,1,1,1,1,1,NA,NA,NA,3,2,NA,NA,NA,NA,NA,NA,NA,NA,NA,NA,NA,NA,NA,NA,NA,NA,NA,NA,NA,NA,NA,NA,NA,NA,NA,NA,NA,NA,NA,NA,NA,NA,NA,NA,NA,NA,4
49263,"63001",1,1,2,4,1,1,1,1,1,NA,NA,NA,3,2,NA,NA,NA,NA,NA,NA,NA,NA,NA,NA,NA,NA,NA,NA,NA,NA,NA,NA,NA,NA,NA,NA,NA,NA,NA,NA,NA,NA,NA,NA,NA,NA,NA,NA,NA,NA,1
49377,"63001",1,1,2,3,1,1,1,1,NA,1,NA,NA,3,1,5,1,30,60000,60,1,1000,"MIL PESOS",NA,NA,1,NA,NA,NA,NA,NA,NA,2,NA,NA,NA,1,2,2,2,2,2,2,2,1,2,2,1,2,1,1,3
